SMILES,mol,ts_index
O(C)NCCC(O)C1=CC(=O)[NH1]C(=O)N1C=O,<rdkit.Chem.rdchem.Mol object at 0x78cddb1d3f40>,0.023809523809523808
O=SOP(Cl)C,<rdkit.Chem.rdchem.Mol object at 0x78cddb1e8580>,0.125
FC,<rdkit.Chem.rdchem.Mol object at 0x78cddb1e8430>,0.2
N=O,<rdkit.Chem.rdchem.Mol object at 0x78cddb1e83c0>,0.0
CCl,<rdkit.Chem.rdchem.Mol object at 0x78cddb1e8350>,1.0
O=S(=O)CC(O1)COCC(O)O[NH1]C(=O)N(C)C(=O)NC(=O)O1,<rdkit.Chem.rdchem.Mol object at 0x78cddb1e82e0>,0.021739130434782608
[NH1]1C(C)=C1C(=O)NC,<rdkit.Chem.rdchem.Mol object at 0x78cddb1e8270>,0.05
OCC1CCN2CC1=CNO2,<rdkit.Chem.rdchem.Mol object at 0x78cddb1e8200>,0.0
C#C,<rdkit.Chem.rdchem.Mol object at 0x78cddb1e8190>,0.0
F,<rdkit.Chem.rdchem.Mol object at 0x78cddb1e8120>,0.0
C12C(O)=CSC1=N2,<rdkit.Chem.rdchem.Mol object at 0x78cddb1e80b0>,0.0
SN(C)C=CCO,<rdkit.Chem.rdchem.Mol object at 0x78cddb1e8040>,0.05263157894736842
FNN1CC(C)SC1O,<rdkit.Chem.rdchem.Mol object at 0x78cddb1ea2d0>,0.04
C1=NS[NH1]1,<rdkit.Chem.rdchem.Mol object at 0x78cddb1e93f0>,0.0
S=1#CCN=1,<rdkit.Chem.rdchem.Mol object at 0x78cddeabec70>,0.0
S=1=2C=C3C=1C=2O3,<rdkit.Chem.rdchem.Mol object at 0x78cddeabe6c0>,0.0
C=O,<rdkit.Chem.rdchem.Mol object at 0x78cdd98c97e0>,0.0
CF,<rdkit.Chem.rdchem.Mol object at 0x78cdd98c9850>,0.2
S=CC=1OC=CC=1F,<rdkit.Chem.rdchem.Mol object at 0x78cdd98c9c40>,0.0
C12=NC(O)=CC=C1C(=O)[NH1]2,<rdkit.Chem.rdchem.Mol object at 0x78cdd98c99a0>,0.0
N1C=NO1,<rdkit.Chem.rdchem.Mol object at 0x78cdd98c98c0>,0.0
C1C(O)=CC(O)=C1OCC2CCCCC2(O)O,<rdkit.Chem.rdchem.Mol object at 0x78cdd98c9a10>,0.0
C1=NCCCC=C1,<rdkit.Chem.rdchem.Mol object at 0x78cdd98c9a80>,0.0
COC1CCN(C)C=C1,<rdkit.Chem.rdchem.Mol object at 0x78cdd98c9af0>,0.041666666666666664
N=1CCC(O)C=1C(=O)N2CCNCC2O,<rdkit.Chem.rdchem.Mol object at 0x78cdd98c9b60>,0.0
PCCl,<rdkit.Chem.rdchem.Mol object at 0x78cdd98c9bd0>,0.125
C1C(F)=C2C=CC=CC(O)=C2C1=O,<rdkit.Chem.rdchem.Mol object at 0x78cdd98c9cb0>,0.0
O(O)CCCOC=N,<rdkit.Chem.rdchem.Mol object at 0x78cdd98c9d20>,0.0
N#N,<rdkit.Chem.rdchem.Mol object at 0x78cdd98c9d90>,0.0
O1C(C)CCN(C)C1CC[NH1],<rdkit.Chem.rdchem.Mol object at 0x78cdd98c9e00>,0.03571428571428571
N#CC(=O)NCCO,<rdkit.Chem.rdchem.Mol object at 0x78cdd98c9e70>,0.0
C123OC4C1(C=O)C(O)=C4CC2N3,<rdkit.Chem.rdchem.Mol object at 0x78cdd98c9ee0>,0.0
O,<rdkit.Chem.rdchem.Mol object at 0x78cdd98c9f50>,0.0
C(C)CCN,<rdkit.Chem.rdchem.Mol object at 0x78cdd98c9fc0>,0.07692307692307693
O1CC(O2)C1CC(O)CC2COPCC3CCN(C)CC3O,<rdkit.Chem.rdchem.Mol object at 0x78cdd98ca030>,0.020833333333333332
N#N,<rdkit.Chem.rdchem.Mol object at 0x78cdd98ca0a0>,0.0
S=1=NC=1C=O,<rdkit.Chem.rdchem.Mol object at 0x78cdd98ca110>,0.0
S#N,<rdkit.Chem.rdchem.Mol object at 0x78cdd98ca180>,0.0
ClC,<rdkit.Chem.rdchem.Mol object at 0x78cdd98ca1f0>,1.0
C=O,<rdkit.Chem.rdchem.Mol object at 0x78cdd98ca260>,0.0
OF,<rdkit.Chem.rdchem.Mol object at 0x78cdd98ca2d0>,0.0
C=CF,<rdkit.Chem.rdchem.Mol object at 0x78cdd98ca340>,0.0
S1(=O)C2=CC=CC=C2C(=O)[NH1]1,<rdkit.Chem.rdchem.Mol object at 0x78cdd98ca3b0>,0.0
N1OCC2CCN(C)CC2CC1OCF,<rdkit.Chem.rdchem.Mol object at 0x78cdd98ca420>,0.02702702702702703
C1P2C(O)CCN(C)C21OS=COF,<rdkit.Chem.rdchem.Mol object at 0x78cdd98ca490>,0.02631578947368421
NN(C)C(O)CC(O)CS[NH1]OC(F)C(F)=CC=CC=CC=N,<rdkit.Chem.rdchem.Mol object at 0x78cdd98ca500>,0.02127659574468085
NC1=C(O)C=C(F)C=C1O,<rdkit.Chem.rdchem.Mol object at 0x78cdd98ca570>,0.0
N#N,<rdkit.Chem.rdchem.Mol object at 0x78cdd98ca5e0>,0.0
PN=C(C)C=O,<rdkit.Chem.rdchem.Mol object at 0x78cdd98ca650>,0.058823529411764705
[NH1]COCl,<rdkit.Chem.rdchem.Mol object at 0x78cdd98ca6c0>,0.09090909090909091
O1CC1NO,<rdkit.Chem.rdchem.Mol object at 0x78cdd98ca730>,0.0
[NH1]1S(=O)[NH1]C(=O)N(C)C(=O)N(C)C1,<rdkit.Chem.rdchem.Mol object at 0x78cdd98ca7a0>,0.037037037037037035
S1C2=CC=CC(O)=C21,<rdkit.Chem.rdchem.Mol object at 0x78cdd98ca810>,0.0
N12C=CC1=N2,<rdkit.Chem.rdchem.Mol object at 0x78cdd98ca880>,0.0
S=1OCCC=2CCNCC=2N=1,<rdkit.Chem.rdchem.Mol object at 0x78cdd98ca8f0>,0.0
C=O,<rdkit.Chem.rdchem.Mol object at 0x78cdd98ca960>,0.0
C=O,<rdkit.Chem.rdchem.Mol object at 0x78cdd98ca9d0>,0.0
C1CC2=CC=CC(O)=C21,<rdkit.Chem.rdchem.Mol object at 0x78cdd98caa40>,0.0
C=CC(O)=CC(O)=C,<rdkit.Chem.rdchem.Mol object at 0x78cdd98caab0>,0.0
C=O,<rdkit.Chem.rdchem.Mol object at 0x78cdd98cab20>,0.0
N12CCC1=CC(F)=CC=CC=CO2,<rdkit.Chem.rdchem.Mol object at 0x78cdd98cab90>,0.0
N=COCl,<rdkit.Chem.rdchem.Mol object at 0x78cdd98cac00>,0.09090909090909091
C1C(=O)NCCC(O)CC2C1OC(=O)CC2O,<rdkit.Chem.rdchem.Mol object at 0x78cdd98cac70>,0.0
P1OO1,<rdkit.Chem.rdchem.Mol object at 0x78cdd98cace0>,0.0
O1CC1OC2CCCCC2=S#N,<rdkit.Chem.rdchem.Mol object at 0x78cdd98cad50>,0.0
C=O,<rdkit.Chem.rdchem.Mol object at 0x78cdd98cadc0>,0.0
N1C=C(F)C(F)=C1S#N,<rdkit.Chem.rdchem.Mol object at 0x78cdd98cae30>,0.0
COC1CCN(C)CC1CC(O)CC2CCNC2OSONO,<rdkit.Chem.rdchem.Mol object at 0x78cdd98caea0>,0.02
C1(=O)N2CC(O)CC2CC1Cl,<rdkit.Chem.rdchem.Mol object at 0x78cdd98caf10>,0.038461538461538464
C1=C=N1,<rdkit.Chem.rdchem.Mol object at 0x78cdd98caf80>,0.0
C1OCC12N3CCOCC3C(=O)N4CCN(C)CC4N2N=S5(=O)CCCNC5SP=C=C[NH1]C(=O)C(O)C=C,<rdkit.Chem.rdchem.Mol object at 0x78cdd98caff0>,0.011494252873563218
PCl,<rdkit.Chem.rdchem.Mol object at 0x78cdd98cb060>,0.2
N12CCNCC1N=C2ONC=CC=CCO,<rdkit.Chem.rdchem.Mol object at 0x78cdd98cb0d0>,0.0
O=C,<rdkit.Chem.rdchem.Mol object at 0x78cdd98cb140>,0.0
O,<rdkit.Chem.rdchem.Mol object at 0x78cdd98cb1b0>,0.0
ClOCl,<rdkit.Chem.rdchem.Mol object at 0x78cdd98cb220>,0.16666666666666666
OC1=CC(F)=CC=C1F,<rdkit.Chem.rdchem.Mol object at 0x78cdd98cb290>,0.0
C1(O)=CCCC1=C,<rdkit.Chem.rdchem.Mol object at 0x78cdd98cb300>,0.0
S(N1)(C)CCOC=C1SNF,<rdkit.Chem.rdchem.Mol object at 0x78cdd98cb370>,0.03125
CC#N,<rdkit.Chem.rdchem.Mol object at 0x78cdd98cb3e0>,0.125
N=S=S(=O)(C)NC(C)=CC#C,<rdkit.Chem.rdchem.Mol object at 0x78cdd98cb450>,0.034482758620689655
O1CC1=NONF,<rdkit.Chem.rdchem.Mol object at 0x78cdd98cb4c0>,0.0
C#CC=O,<rdkit.Chem.rdchem.Mol object at 0x78cdd98cb530>,0.0
OS=S(=O)NCCC(O)C,<rdkit.Chem.rdchem.Mol object at 0x78cdd98cb5a0>,0.038461538461538464
C1C(C)=NO1,<rdkit.Chem.rdchem.Mol object at 0x78cdd98cb610>,0.07142857142857142
SOF,<rdkit.Chem.rdchem.Mol object at 0x78cdd98cb680>,0.0
C=O,<rdkit.Chem.rdchem.Mol object at 0x78cdd98cb6f0>,0.0
N1=NP(=O)CC(O)CC(O)C1,<rdkit.Chem.rdchem.Mol object at 0x78cdd98cb760>,0.0
OSOCCCCN(C)CC,<rdkit.Chem.rdchem.Mol object at 0x78cdd98cb7d0>,0.038461538461538464
N1=C=NCCCC2OOC1(F)O2,<rdkit.Chem.rdchem.Mol object at 0x78cdd98cb840>,0.0
C,<rdkit.Chem.rdchem.Mol object at 0x78cdd98cb8b0>,0.0
S=1N=NC=1C2CC(O)CCNC2=S#N,<rdkit.Chem.rdchem.Mol object at 0x78cdd98cb920>,0.0
CF,<rdkit.Chem.rdchem.Mol object at 0x78cdd98cb990>,0.2
C1CCC2C1CCCC2=NC3=CC=CC=C3F,<rdkit.Chem.rdchem.Mol object at 0x78cdd98cba00>,0.0
P12=NCSC=C(O)C(O)=CC(O)=COCS1=NO2,<rdkit.Chem.rdchem.Mol object at 0x78cdd98cba70>,0.0
C=O,<rdkit.Chem.rdchem.Mol object at 0x78cdd98cbae0>,0.0
ClC=N[NH1]C(=O)NC=O,<rdkit.Chem.rdchem.Mol object at 0x78cdd98cbb50>,0.043478260869565216
C=O,<rdkit.Chem.rdchem.Mol object at 0x78cdd98cbbc0>,0.0
C1(=O)[NH1]C(=O)N1C2=NC(C)=NO2,<rdkit.Chem.rdchem.Mol object at 0x78cdd98cbc30>,0.038461538461538464
O=S=SOC1(O)CC(O)CC1O,<rdkit.Chem.rdchem.Mol object at 0x78cdd98cbca0>,0.0
C=NN=O,<rdkit.Chem.rdchem.Mol object at 0x78cdd98cbd10>,0.0
N#CCOC=O,<rdkit.Chem.rdchem.Mol object at 0x78cdd98cbd80>,0.0
C12CC1=C3C(O)=CSC3=N2,<rdkit.Chem.rdchem.Mol object at 0x78cdd98cbdf0>,0.0
CF,<rdkit.Chem.rdchem.Mol object at 0x78cdd98cbe60>,0.2
S#N,<rdkit.Chem.rdchem.Mol object at 0x78cdd98cbed0>,0.0
C1OC(F)=C1OC2CCC3CC2(N=S(=O)CCCN4CCOC5CCN(C)CC54CO3)O,<rdkit.Chem.rdchem.Mol object at 0x78cdd98cbf40>,0.014492753623188406
ClCSCC(=O)[NH1],<rdkit.Chem.rdchem.Mol object at 0x78cdd98f0040>,0.05555555555555555
C1OC(C2)=CC(O)=CC(O)=C2C1=CC=CSCO,<rdkit.Chem.rdchem.Mol object at 0x78cdd98f00b0>,0.0
C=1=SOC(=O)OCCOCC=CCP=1=C2NC3=CC4=CC(O)=CC(O)=C4N3CCC2,<rdkit.Chem.rdchem.Mol object at 0x78cdd98f0120>,0.0
N1(O)OC2OCC1=C=CCN=C2,<rdkit.Chem.rdchem.Mol object at 0x78cdd98f0190>,0.0
NF,<rdkit.Chem.rdchem.Mol object at 0x78cdd98f0200>,0.0
C#CS=SO,<rdkit.Chem.rdchem.Mol object at 0x78cdd98f0270>,0.0
C=NC=CC(O)=C(F)C=O,<rdkit.Chem.rdchem.Mol object at 0x78cdd98f02e0>,0.0
C1(C)CO1,<rdkit.Chem.rdchem.Mol object at 0x78cdd98f0350>,0.09090909090909091
OC=O,<rdkit.Chem.rdchem.Mol object at 0x78cdd98f03c0>,0.0
N(CSC#N)=O,<rdkit.Chem.rdchem.Mol object at 0x78cdd98f0430>,0.0
CF,<rdkit.Chem.rdchem.Mol object at 0x78cdd98f04a0>,0.2
COCPC(F)CCN(C)C=C,<rdkit.Chem.rdchem.Mol object at 0x78cdd98f0510>,0.03225806451612903
C=O,<rdkit.Chem.rdchem.Mol object at 0x78cdd98f0580>,0.0
O1C=CC=C1ON,<rdkit.Chem.rdchem.Mol object at 0x78cdd98f05f0>,0.0
N=1[NH1]C=1CN=N,<rdkit.Chem.rdchem.Mol object at 0x78cdd98f0660>,0.0
C1OCN(C)C1,<rdkit.Chem.rdchem.Mol object at 0x78cdd98f06d0>,0.058823529411764705
[NH1]OC=O,<rdkit.Chem.rdchem.Mol object at 0x78cdd98f0740>,0.0
O1C=C1CCCOCO,<rdkit.Chem.rdchem.Mol object at 0x78cdd98f07b0>,0.0
CCC1CCNCC1F,<rdkit.Chem.rdchem.Mol object at 0x78cdd98f0820>,0.041666666666666664
C1C2=CC3=CC(O)=C2C1=N3,<rdkit.Chem.rdchem.Mol object at 0x78cdd98f0890>,0.0
O,<rdkit.Chem.rdchem.Mol object at 0x78cdd98f0900>,0.0
O1SC1=CCN(C)C(=O)N,<rdkit.Chem.rdchem.Mol object at 0x78cdd98f0970>,0.03571428571428571
C=1CC(=O)N=1,<rdkit.Chem.rdchem.Mol object at 0x78cdd98f09e0>,0.0
O=S=NNC=O,<rdkit.Chem.rdchem.Mol object at 0x78cdd98f0a50>,0.0
N,<rdkit.Chem.rdchem.Mol object at 0x78cdd98f0ac0>,0.0
ONN=CC=CC=COC=O,<rdkit.Chem.rdchem.Mol object at 0x78cdd98f0b30>,0.0
N12C=CC(O)=C1CC2C=COC=CC(O)=CC(O3)=C3,<rdkit.Chem.rdchem.Mol object at 0x78cdd98f0ba0>,0.0
S1#CCC1S#CS(=O)=O,<rdkit.Chem.rdchem.Mol object at 0x78cdd98f0c10>,0.0
Cl,<rdkit.Chem.rdchem.Mol object at 0x78cdd98f0c80>,0.0
C=O,<rdkit.Chem.rdchem.Mol object at 0x78cdd98f0cf0>,0.0
[NH1]=COOC(F)[NH1]C(=O)N(C12)C(=O)N(C)C(=O)N1S(N3)CCCN(C)C3(O)OC2F,<rdkit.Chem.rdchem.Mol object at 0x78cdd98f0d60>,0.015151515151515152
P12CC(O)C1[NH1]2,<rdkit.Chem.rdchem.Mol object at 0x78cdd98f0dd0>,0.0
S1NS2C=C(O)C(C)=C2OC=C1SCCCOC=C,<rdkit.Chem.rdchem.Mol object at 0x78cdd98f0e40>,0.02
C12OC1O2,<rdkit.Chem.rdchem.Mol object at 0x78cdd98f0eb0>,0.0
C=O,<rdkit.Chem.rdchem.Mol object at 0x78cdd98f0f20>,0.0
FC,<rdkit.Chem.rdchem.Mol object at 0x78cdd98f0f90>,0.2
C1=COCCCC(O2)CCC(O)CC2OCOS1=O,<rdkit.Chem.rdchem.Mol object at 0x78cdd98f1000>,0.0
C1CN2CCN(C)CC2CC1=O,<rdkit.Chem.rdchem.Mol object at 0x78cdd98f1070>,0.03571428571428571
ClONCCCCOP=O,<rdkit.Chem.rdchem.Mol object at 0x78cdd98f10e0>,0.04
CN,<rdkit.Chem.rdchem.Mol object at 0x78cdd98f1150>,0.2
FCl,<rdkit.Chem.rdchem.Mol object at 0x78cdd98f11c0>,0.2
N12COC3=CC(O)=CC(O)=C3CC1(O)OCC(O)=CSPOP2ON=SCCl,<rdkit.Chem.rdchem.Mol object at 0x78cdd98f1230>,0.015625
CF,<rdkit.Chem.rdchem.Mol object at 0x78cdd98f12a0>,0.2
C,<rdkit.Chem.rdchem.Mol object at 0x78cdd98f1310>,0.0
C1C(C)=CC(=O)[NH1]1,<rdkit.Chem.rdchem.Mol object at 0x78cdd98f1380>,0.05
FCF,<rdkit.Chem.rdchem.Mol object at 0x78cdd98f13f0>,0.0
C=1CCC=1,<rdkit.Chem.rdchem.Mol object at 0x78cdd98f1460>,0.0
SNC=C(F)C,<rdkit.Chem.rdchem.Mol object at 0x78cdd98f14d0>,0.058823529411764705
C1(O)=CSC1=N,<rdkit.Chem.rdchem.Mol object at 0x78cdd98f1540>,0.0
S=O,<rdkit.Chem.rdchem.Mol object at 0x78cdd98f15b0>,0.0
P=1#CCC(O)=C=1,<rdkit.Chem.rdchem.Mol object at 0x78cdd98f1620>,0.0
C1COC(C)CCN(C)CCC12C=N[NH1]C(=O)N2C,<rdkit.Chem.rdchem.Mol object at 0x78cdd98f1690>,0.023255813953488372
S1COCC2CCN(C)CC2CC=C1,<rdkit.Chem.rdchem.Mol object at 0x78cdd98f1700>,0.02857142857142857
C(O)C,<rdkit.Chem.rdchem.Mol object at 0x78cdd98f1770>,0.125
ClN1CCCC2C1CC(O)CC2O,<rdkit.Chem.rdchem.Mol object at 0x78cdd98f17e0>,0.03571428571428571
O=CCF,<rdkit.Chem.rdchem.Mol object at 0x78cdd98f1850>,0.0
N12C=CC=C1C2N=C=C[NH1]C,<rdkit.Chem.rdchem.Mol object at 0x78cdd98f18c0>,0.03125
ONC,<rdkit.Chem.rdchem.Mol object at 0x78cdd98f1930>,0.125
C#1CC2=CC=CC(O)=C2C#1,<rdkit.Chem.rdchem.Mol object at 0x78cdd98f19a0>,0.0
O1CCOCC1(O)CC(F)(C=O)CC(O)CN,<rdkit.Chem.rdchem.Mol object at 0x78cdd98f1a10>,0.024390243902439025
C,<rdkit.Chem.rdchem.Mol object at 0x78cdd98f1a80>,0.0
CS,<rdkit.Chem.rdchem.Mol object at 0x78cdd98f1af0>,0.2
C=12C(=O)[NH1]C(=O)[NH1]C=1C2OCS#C,<rdkit.Chem.rdchem.Mol object at 0x78cdd98f1b60>,0.0
S1#CO1,<rdkit.Chem.rdchem.Mol object at 0x78cdd98f1bd0>,0.0
N#COCCC,<rdkit.Chem.rdchem.Mol object at 0x78cdd98f1c40>,0.125
FC=CC=CC(=O)N1CCCC(O)C1,<rdkit.Chem.rdchem.Mol object at 0x78cdd98f1cb0>,0.0
CSNSC=C(O)C=C(F)C(O)=COC=O,<rdkit.Chem.rdchem.Mol object at 0x78cdd98f1d20>,0.027777777777777776
S1=C=N1,<rdkit.Chem.rdchem.Mol object at 0x78cdd98f1d90>,0.0
C=O,<rdkit.Chem.rdchem.Mol object at 0x78cdd98f1e00>,0.0
ClCC[NH1]C(=O)C1=CC(O)=CC(O)=C1CNPOCN(O)C=O,<rdkit.Chem.rdchem.Mol object at 0x78cdd98f1e70>,0.0196078431372549
NN1CCNCC1(C=O)C(O)CN(C2CCNC2)CONC#N,<rdkit.Chem.rdchem.Mol object at 0x78cdd98f1ee0>,0.0
NC(=O)OCC(O)CNCl,<rdkit.Chem.rdchem.Mol object at 0x78cdd98f1f50>,0.038461538461538464
S1C(C)=CC(=O)[NH1]1,<rdkit.Chem.rdchem.Mol object at 0x78cdd98f1fc0>,0.05
C#N,<rdkit.Chem.rdchem.Mol object at 0x78cdd98f2030>,0.0
OCOCCCCC=NCCl,<rdkit.Chem.rdchem.Mol object at 0x78cdd98f20a0>,0.038461538461538464
P1=2CC3CN(C)CC(O)C3CC1=C=2,<rdkit.Chem.rdchem.Mol object at 0x78cdd98f2110>,0.030303030303030304
C(O[NH1]C(=O)N1C)CC(O)CC1CC,<rdkit.Chem.rdchem.Mol object at 0x78cdd98f2180>,0.02857142857142857
SCl,<rdkit.Chem.rdchem.Mol object at 0x78cdd98f21f0>,0.2
C1(=O)CS2C=CC=CC2=N1,<rdkit.Chem.rdchem.Mol object at 0x78cdd98f2260>,0.0
S,<rdkit.Chem.rdchem.Mol object at 0x78cdd98f22d0>,0.0
N12CC1OC2C3=NC=NC=C3CCCC(C=O)S#C,<rdkit.Chem.rdchem.Mol object at 0x78cdd98f2340>,0.0
NCl,<rdkit.Chem.rdchem.Mol object at 0x78cdd98f23b0>,0.2
N(=O)CCSC(=O)[NH1]C(=O)N(C)C(=O)CC[NH1],<rdkit.Chem.rdchem.Mol object at 0x78cdd98f2420>,0.02702702702702703
ClPC1CCC(O)CC1=CC(=O)[NH1]C(=O)N(C2)C(=O)N(C)C(=O)N2C(=O)O,<rdkit.Chem.rdchem.Mol object at 0x78cdd98f2490>,0.04081632653061224
O=CN=COC1CCCNCC1=NC[NH1],<rdkit.Chem.rdchem.Mol object at 0x78cdd98f2500>,0.0
C#N,<rdkit.Chem.rdchem.Mol object at 0x78cdd98f2570>,0.0
SN(C)C=O,<rdkit.Chem.rdchem.Mol object at 0x78cdd98f25e0>,0.07692307692307693
FC=N,<rdkit.Chem.rdchem.Mol object at 0x78cdd98f2650>,0.0
CC,<rdkit.Chem.rdchem.Mol object at 0x78cdd98f26c0>,0.25
P=1C=C(F)C(F)=CC2=CNC(=O)CC2ON(C=1)CC,<rdkit.Chem.rdchem.Mol object at 0x78cdd98f2730>,0.021739130434782608
O,<rdkit.Chem.rdchem.Mol object at 0x78cdd98f27a0>,0.0
CC1=NN=CO1,<rdkit.Chem.rdchem.Mol object at 0x78cdd98f2810>,0.05555555555555555
C1C2=CC(F)=CC=C21,<rdkit.Chem.rdchem.Mol object at 0x78cdd98f2880>,0.0
FC=C=NPC(C)=NC(C)=NC=N,<rdkit.Chem.rdchem.Mol object at 0x78cdd98f28f0>,0.03225806451612903
O=P[NH1],<rdkit.Chem.rdchem.Mol object at 0x78cdd98f2960>,0.0
N=N,<rdkit.Chem.rdchem.Mol object at 0x78cdd98f29d0>,0.0
S1(C=CC(O)=C1OCO)=C=CCO,<rdkit.Chem.rdchem.Mol object at 0x78cdd98f2a40>,0.0
O1C2C1ON(O)CC2OPOC=O,<rdkit.Chem.rdchem.Mol object at 0x78cdd98f2ab0>,0.0
PC=O,<rdkit.Chem.rdchem.Mol object at 0x78cdd98f2b20>,0.0
O1C=CC=C1OC=SOF,<rdkit.Chem.rdchem.Mol object at 0x78cdd98f2b90>,0.0
C(=O)=NO,<rdkit.Chem.rdchem.Mol object at 0x78cdd98f2c00>,0.0
S1CCC2CCNCC2C1Cl,<rdkit.Chem.rdchem.Mol object at 0x78cdd98f2c70>,0.037037037037037035
COF,<rdkit.Chem.rdchem.Mol object at 0x78cdd98f2ce0>,0.125
C1C(F)=C2C=C1OCCCC2=O,<rdkit.Chem.rdchem.Mol object at 0x78cdd98f2d50>,0.0
C1=NC=C(F)C(F)=C1OCCl,<rdkit.Chem.rdchem.Mol object at 0x78cdd98f2dc0>,0.038461538461538464
S=S,<rdkit.Chem.rdchem.Mol object at 0x78cdd98f2e30>,0.0
ON=O,<rdkit.Chem.rdchem.Mol object at 0x78cdd98f2ea0>,0.0
N,<rdkit.Chem.rdchem.Mol object at 0x78cdd98f2f10>,0.0
C12N(C)CC(CN3CCNCC3)C1CC2OF,<rdkit.Chem.rdchem.Mol object at 0x78cdd98f2f80>,0.02631578947368421
ClSC=C(F)C(F)=CC=CF,<rdkit.Chem.rdchem.Mol object at 0x78cdd98f2ff0>,0.043478260869565216
S1C2=C(O)C=CC=C21,<rdkit.Chem.rdchem.Mol object at 0x78cdd98f3060>,0.0
C,<rdkit.Chem.rdchem.Mol object at 0x78cdd98f30d0>,0.0
S=O,<rdkit.Chem.rdchem.Mol object at 0x78cdd98f3140>,0.0
P(C#N)=CCOC=CC=CC,<rdkit.Chem.rdchem.Mol object at 0x78cdd98f31b0>,0.037037037037037035
O=NCl,<rdkit.Chem.rdchem.Mol object at 0x78cdd98f3220>,0.125
Cl,<rdkit.Chem.rdchem.Mol object at 0x78cdd98f3290>,0.0
N1(C)C(=O)N1O,<rdkit.Chem.rdchem.Mol object at 0x78cdd98f3300>,0.07142857142857142
C#CF,<rdkit.Chem.rdchem.Mol object at 0x78cdd98f3370>,0.0
N1=COC1P=S(=S(OCC=O)C2=C)C(O3)=CC(O)=C2OCCC4=SC=S(O)C(O)C4CC3,<rdkit.Chem.rdchem.Mol object at 0x78cdd98f33e0>,0.0
NNF,<rdkit.Chem.rdchem.Mol object at 0x78cdd98f3450>,0.0
PC1=CC2=CC=C1OCCC2,<rdkit.Chem.rdchem.Mol object at 0x78cdd98f34c0>,0.0
O1SC2=C(O)C=CC=C21,<rdkit.Chem.rdchem.Mol object at 0x78cdd98f3530>,0.0
S1(O2)CCN(C)C3C2=CS13,<rdkit.Chem.rdchem.Mol object at 0x78cdd98f35a0>,0.034482758620689655
N1CC(O)C1OC=O,<rdkit.Chem.rdchem.Mol object at 0x78cdd98f3610>,0.0
[NH1]1C(=O)N(C)C(=O)C1C=COOOF,<rdkit.Chem.rdchem.Mol object at 0x78cdd98f3680>,0.030303030303030304
C123CCC1CC2N(O)C3OCF,<rdkit.Chem.rdchem.Mol object at 0x78cdd98f36f0>,0.0
N=O,<rdkit.Chem.rdchem.Mol object at 0x78cdd98f3760>,0.0
S=1CN2CCCC(O)C2C=C=1,<rdkit.Chem.rdchem.Mol object at 0x78cdd98f37d0>,0.0
N1(C2)CC1SCS2S,<rdkit.Chem.rdchem.Mol object at 0x78cdd98f3840>,0.0
N#SC1C2CCC(O)C3C2CC(O)CC3SC1Cl,<rdkit.Chem.rdchem.Mol object at 0x78cdd98f38b0>,0.027777777777777776
O1C=S(=O)N1F,<rdkit.Chem.rdchem.Mol object at 0x78cdd98f3920>,0.0
C12=C(C)N(C)C(=O)N1CC3CCNCC3=NO2,<rdkit.Chem.rdchem.Mol object at 0x78cdd98f3990>,0.023809523809523808
S=O,<rdkit.Chem.rdchem.Mol object at 0x78cdd98f3a00>,0.0
N1OCOCC2CC3NCC21N3F,<rdkit.Chem.rdchem.Mol object at 0x78cdd98f3a70>,0.0
P1N(C)CCC1(O)CCOC=C,<rdkit.Chem.rdchem.Mol object at 0x78cdd98f3ae0>,0.030303030303030304
N(C)=CF,<rdkit.Chem.rdchem.Mol object at 0x78cdd98f3b50>,0.09090909090909091
P1OC([NH1]C(=O)NC2CC(O)CC(O)C2)C3C1(O)O3,<rdkit.Chem.rdchem.Mol object at 0x78cdd98f3bc0>,0.0
N#CN=S(=O)[NH1]C(=O)NC(=O)O,<rdkit.Chem.rdchem.Mol object at 0x78cdd98f3c30>,0.0
P1CNC(=O)C2=CC(F)=CC=C21,<rdkit.Chem.rdchem.Mol object at 0x78cdd98f3ca0>,0.0
O1C(C)CC1OO,<rdkit.Chem.rdchem.Mol object at 0x78cdd98f3d10>,0.05263157894736842
N1PP[NH1]1,<rdkit.Chem.rdchem.Mol object at 0x78cdd98f3d80>,0.0
O=NO,<rdkit.Chem.rdchem.Mol object at 0x78cdd98f3df0>,0.0
NCN(C)CCC(O)C,<rdkit.Chem.rdchem.Mol object at 0x78cdd98f3e60>,0.045454545454545456
C=12CN(C)CC=1S[NH1]2,<rdkit.Chem.rdchem.Mol object at 0x78cdd98f3ed0>,0.045454545454545456
O,<rdkit.Chem.rdchem.Mol object at 0x78cdd98f3f40>,0.0
C123C(O)=C(O)C=C1OC#CC2C=N3,<rdkit.Chem.rdchem.Mol object at 0x78cdd98f4040>,0.0
OF,<rdkit.Chem.rdchem.Mol object at 0x78cdd98f40b0>,0.0
S=1(=O)CCNC=1COCF,<rdkit.Chem.rdchem.Mol object at 0x78cdd98f4120>,0.0
C123OCCN(C)C1CC2O3,<rdkit.Chem.rdchem.Mol object at 0x78cdd98f4190>,0.037037037037037035
N#CCC(O)CC(O)C=NN,<rdkit.Chem.rdchem.Mol object at 0x78cdd98f4200>,0.0
N1C2SC=C(O)C=C21,<rdkit.Chem.rdchem.Mol object at 0x78cdd98f4270>,0.0
C1#CC2=CC=CC(O)=C2CC1,<rdkit.Chem.rdchem.Mol object at 0x78cdd98f42e0>,0.0
CCC=NC1=NC(O)=CC=N1,<rdkit.Chem.rdchem.Mol object at 0x78cdd98f4350>,0.03333333333333333
COCOOCl,<rdkit.Chem.rdchem.Mol object at 0x78cdd98f43c0>,0.13333333333333333
C1OCC(O)CC1Cl,<rdkit.Chem.rdchem.Mol object at 0x78cdd98f4430>,0.05
C12CCN(C)CC1=NC=N2,<rdkit.Chem.rdchem.Mol object at 0x78cdd98f44a0>,0.03571428571428571
C=NCC=C,<rdkit.Chem.rdchem.Mol object at 0x78cdd98f4510>,0.0
C=O,<rdkit.Chem.rdchem.Mol object at 0x78cdd98f4580>,0.0
C1(O)C2CCNCC2C1CCC3=CC(O)=NC=N3,<rdkit.Chem.rdchem.Mol object at 0x78cdd98f45f0>,0.0
ClCNN=CC=C(O)C(O)=COC=CC=O,<rdkit.Chem.rdchem.Mol object at 0x78cdd98f4660>,0.027777777777777776
C1=S#C1,<rdkit.Chem.rdchem.Mol object at 0x78cdd98f46d0>,0.0
C12OC1[NH1]2,<rdkit.Chem.rdchem.Mol object at 0x78cdd98f4740>,0.0
O=S(CC1=NN=CN1CCl)PS(C=O)CO,<rdkit.Chem.rdchem.Mol object at 0x78cdd98f47b0>,0.023809523809523808
C12CC(O)CC1=NP2S(=O)=O,<rdkit.Chem.rdchem.Mol object at 0x78cdd98f4820>,0.0
ClC(O)ON=CSCCC,<rdkit.Chem.rdchem.Mol object at 0x78cdd98f4890>,0.07692307692307693
C=O,<rdkit.Chem.rdchem.Mol object at 0x78cdd98f4900>,0.0
N1N2CCCCC(O)C2=N1,<rdkit.Chem.rdchem.Mol object at 0x78cdd98f4970>,0.0
P=O,<rdkit.Chem.rdchem.Mol object at 0x78cdd98f49e0>,0.0
C#1CP#1CON(C2)C(=O)N(C)C(=O)N2COC,<rdkit.Chem.rdchem.Mol object at 0x78cdd98f4a50>,0.02631578947368421
C12=NC(O)=CC(O)=C1OOSS2=[NH1],<rdkit.Chem.rdchem.Mol object at 0x78cdd98f4ac0>,0.0
C#C,<rdkit.Chem.rdchem.Mol object at 0x78cdd98f4b30>,0.0
C123C(O)CC(O)C1CC2=C=S(C3C4OCC(=O)NCCN(C5)CC=N)(O)C(O)=C5O4,<rdkit.Chem.rdchem.Mol object at 0x78cdd98f4ba0>,0.0
NC1OCC2OCC1NO2,<rdkit.Chem.rdchem.Mol object at 0x78cdd98f4c10>,0.0
C#C,<rdkit.Chem.rdchem.Mol object at 0x78cdd98f4c80>,0.0
P=O,<rdkit.Chem.rdchem.Mol object at 0x78cdd98f4cf0>,0.0
OC,<rdkit.Chem.rdchem.Mol object at 0x78cdd98f4d60>,0.2
N12C(=SOO1)CC2C,<rdkit.Chem.rdchem.Mol object at 0x78cdd98f4dd0>,0.041666666666666664
P1CC2=NN=C3C2C(=O)[NH1]C(=O)N3C#C1,<rdkit.Chem.rdchem.Mol object at 0x78cdd98f4e40>,0.0
S(=O)NCCC(O)C,<rdkit.Chem.rdchem.Mol object at 0x78cdd98f4eb0>,0.045454545454545456
CC,<rdkit.Chem.rdchem.Mol object at 0x78cdd98f4f20>,0.25
C=C,<rdkit.Chem.rdchem.Mol object at 0x78cdd98f4f90>,0.0
PCl,<rdkit.Chem.rdchem.Mol object at 0x78cdd98f5000>,0.2
O1CC2C3CNC2C1S3SO,<rdkit.Chem.rdchem.Mol object at 0x78cdd98f5070>,0.0
[NH1]1[NH1]C(=O)C2=C3C(O)=CC(O)=C2OCC1CNCCSC3=C=O,<rdkit.Chem.rdchem.Mol object at 0x78cdd98f50e0>,0.0
CC1CCNCC1,<rdkit.Chem.rdchem.Mol object at 0x78cdd98f5150>,0.06666666666666667
C1OC1,<rdkit.Chem.rdchem.Mol object at 0x78cdd98f51c0>,0.0
NC#CC(=O)NCC=O,<rdkit.Chem.rdchem.Mol object at 0x78cdd98f5230>,0.0
C12OCN(C3CCNC3)C1SC=N2,<rdkit.Chem.rdchem.Mol object at 0x78cdd98f52a0>,0.0
O1CCN(C)C1=N,<rdkit.Chem.rdchem.Mol object at 0x78cdd98f5310>,0.05263157894736842
CF,<rdkit.Chem.rdchem.Mol object at 0x78cdd98f5380>,0.2
C1OC2=CC(O)=CC=C2OCCCO1,<rdkit.Chem.rdchem.Mol object at 0x78cdd98f53f0>,0.0
S=12OC=1COCCCC3(O)CCC(O)CC32S=SSS#CCCl,<rdkit.Chem.rdchem.Mol object at 0x78cdd98f5460>,0.017857142857142856
O1CC2(O)CC(O3)C1CC(O)CC32,<rdkit.Chem.rdchem.Mol object at 0x78cdd98f54d0>,0.0
ClCl,<rdkit.Chem.rdchem.Mol object at 0x78cdd98f5540>,0.25
F,<rdkit.Chem.rdchem.Mol object at 0x78cdd98f55b0>,0.0
C1(O)C=C(F)C(F)=C1ON,<rdkit.Chem.rdchem.Mol object at 0x78cdd98f5620>,0.0
PF,<rdkit.Chem.rdchem.Mol object at 0x78cdd98f5690>,0.0
C1=2C=C(F)C(F)=C1OP=2=O,<rdkit.Chem.rdchem.Mol object at 0x78cdd98f5700>,0.0
O1CC2(O)C1CC(O)CO2,<rdkit.Chem.rdchem.Mol object at 0x78cdd98f5770>,0.0
N1C(=O)C=2SC=CC=2C1C=O,<rdkit.Chem.rdchem.Mol object at 0x78cdd98f57e0>,0.0
N1CC2C(O)CC(O)C2N3CCCC(O)C3S1N,<rdkit.Chem.rdchem.Mol object at 0x78cdd98f5850>,0.0
CF,<rdkit.Chem.rdchem.Mol object at 0x78cdd98f58c0>,0.2
C=O,<rdkit.Chem.rdchem.Mol object at 0x78cdd98f5930>,0.0
CC=NC=NC,<rdkit.Chem.rdchem.Mol object at 0x78cdd98f59a0>,0.06666666666666667
C1OC=C1F,<rdkit.Chem.rdchem.Mol object at 0x78cdd98f5a10>,0.0
COP(=O)N1CCCC(O2)C12S=O,<rdkit.Chem.rdchem.Mol object at 0x78cdd98f5a80>,0.02857142857142857
C=O,<rdkit.Chem.rdchem.Mol object at 0x78cdd98f5af0>,0.0
C1=2CC1CC(O)C=2,<rdkit.Chem.rdchem.Mol object at 0x78cdd98f5b60>,0.0
FCF,<rdkit.Chem.rdchem.Mol object at 0x78cdd98f5bd0>,0.0
C=O,<rdkit.Chem.rdchem.Mol object at 0x78cdd98f5c40>,0.0
[NH1]1C(=O)C=C(F)C=C1,<rdkit.Chem.rdchem.Mol object at 0x78cdd98f5cb0>,0.0
S1234C=C(O)C(O)=C1C2NC3C4N=C=S(=O)CC(O)C(O)OO,<rdkit.Chem.rdchem.Mol object at 0x78cdd98f5d20>,0.0
S(F)F,<rdkit.Chem.rdchem.Mol object at 0x78cdd98f5d90>,0.0
O(O)OC1CCCCC1=N,<rdkit.Chem.rdchem.Mol object at 0x78cdd98f5e00>,0.0
C1#COOC2CCCN(C)C2CC1N,<rdkit.Chem.rdchem.Mol object at 0x78cdd98f5e70>,0.02857142857142857
O=S=N,<rdkit.Chem.rdchem.Mol object at 0x78cdd98f5ee0>,0.0
S(O)C(=O)N1CCCC(O)C1(O)CP(O)CCCC(O)C=N,<rdkit.Chem.rdchem.Mol object at 0x78cdd98f5f50>,0.0
S12#CC1P3(=O)C(O)CC(O)C3OO[NH1]2,<rdkit.Chem.rdchem.Mol object at 0x78cdd98f5fc0>,0.0
C1OCC2CC(O)CN(CC3CCNC3)C2=C1[NH1]C(C)CCN,<rdkit.Chem.rdchem.Mol object at 0x78cdd98f6030>,0.017857142857142856
C1C2CCNC2SC1,<rdkit.Chem.rdchem.Mol object at 0x78cdd98f60a0>,0.0
C12C[NH1]C(=O)N(C)C(=O)N(C)CC1=N2,<rdkit.Chem.rdchem.Mol object at 0x78cdd98f6110>,0.03225806451612903
N1=S=NOC2=NC=C(F)C(F)=C2OCCCC1=C=N,<rdkit.Chem.rdchem.Mol object at 0x78cdd98f6180>,0.0
C(O)C1CCC(O)CN1CC2CCCCC2,<rdkit.Chem.rdchem.Mol object at 0x78cdd98f61f0>,0.0
S#C,<rdkit.Chem.rdchem.Mol object at 0x78cdd98f6260>,0.0
CCOC(=O)NCCCC,<rdkit.Chem.rdchem.Mol object at 0x78cdd98f62d0>,0.041666666666666664
ONCl,<rdkit.Chem.rdchem.Mol object at 0x78cdd98f6340>,0.125
CS=S(=O)=O,<rdkit.Chem.rdchem.Mol object at 0x78cdd98f63b0>,0.09090909090909091
CC1CCC(O)CN1C#N,<rdkit.Chem.rdchem.Mol object at 0x78cdd98f6420>,0.04
C1CCC2N=C1N(O)CC2ON3[NH1]C(=O)[NH1]C(=O)C3C=SNC4CCCNCC4NOOSC,<rdkit.Chem.rdchem.Mol object at 0x78cdd98f6490>,0.013333333333333334
N1=CC=C(F)C(O)=C1OCC2CCNCC2,<rdkit.Chem.rdchem.Mol object at 0x78cdd98f6500>,0.0
N(N)C,<rdkit.Chem.rdchem.Mol object at 0x78cdd98f6570>,0.125
CCCCCC,<rdkit.Chem.rdchem.Mol object at 0x78cdd98f65e0>,0.1111111111111111
O1CC2CCN(C)CC2O[NH1]1,<rdkit.Chem.rdchem.Mol object at 0x78cdd98f6650>,0.03571428571428571
CC(=O)NCCC(O1)C1C=O,<rdkit.Chem.rdchem.Mol object at 0x78cdd98f66c0>,0.034482758620689655
N(CCC1=NN=CO1)=[NH1],<rdkit.Chem.rdchem.Mol object at 0x78cdd98f6730>,0.0
COSOSCS1C=C(F)C(C2)=C1OSCC(=O)NPOC#CN=S=N2,<rdkit.Chem.rdchem.Mol object at 0x78cdd98f67a0>,0.014925373134328358
C=C=O,<rdkit.Chem.rdchem.Mol object at 0x78cdd98f6810>,0.0
CF,<rdkit.Chem.rdchem.Mol object at 0x78cdd98f6880>,0.2
OF,<rdkit.Chem.rdchem.Mol object at 0x78cdd98f68f0>,0.0
NN=CC1CC2CNCC1CC(O)C2CC=O,<rdkit.Chem.rdchem.Mol object at 0x78cdd98f6960>,0.0
[NH1]1C(=O)C=C(O)C=CC=C1,<rdkit.Chem.rdchem.Mol object at 0x78cdd98f69d0>,0.0
N1=CC=CS1#CCF,<rdkit.Chem.rdchem.Mol object at 0x78cdd98f6a40>,0.0
SC,<rdkit.Chem.rdchem.Mol object at 0x78cdd98f6ab0>,0.2
OP#N,<rdkit.Chem.rdchem.Mol object at 0x78cdd98f6b20>,0.0
C1C#CC(C)CCN(C)C=SC1=NCl,<rdkit.Chem.rdchem.Mol object at 0x78cdd98f6b90>,0.05555555555555555
N1C2CCC1CC2(O)CCOC=C,<rdkit.Chem.rdchem.Mol object at 0x78cdd98f6c00>,0.0
O=N,<rdkit.Chem.rdchem.Mol object at 0x78cdd98f6c70>,0.0
FC=1C(O)CN(C)C(=O)C=1,<rdkit.Chem.rdchem.Mol object at 0x78cdd98f6ce0>,0.037037037037037035
P=1ON=S=1=O,<rdkit.Chem.rdchem.Mol object at 0x78cdd98f6d50>,0.0
C(O)#COC=O,<rdkit.Chem.rdchem.Mol object at 0x78cdd98f6dc0>,0.0
C=1COCCOC2COCCN2ONN(C)CCOS=1,<rdkit.Chem.rdchem.Mol object at 0x78cdd98f6e30>,0.023255813953488372
C1C2CCN(C)CC2N(C)C(=O)N1,<rdkit.Chem.rdchem.Mol object at 0x78cdd98f6ea0>,0.03333333333333333
C1CC1F,<rdkit.Chem.rdchem.Mol object at 0x78cdd98f6f10>,0.0
C1(=O)N(C)C(=O)N1CCCSC,<rdkit.Chem.rdchem.Mol object at 0x78cdd98f6f80>,0.041666666666666664
C1=C(O)N(C)C(=O)N1C2=NC=NO2,<rdkit.Chem.rdchem.Mol object at 0x78cdd98f6ff0>,0.03125
NOSS1C(C)CCN(C)C1S(N)OCOC2CCN(C)CC2C,<rdkit.Chem.rdchem.Mol object at 0x78cdd98f7060>,0.02
[NH1]1C(=O)C1F,<rdkit.Chem.rdchem.Mol object at 0x78cdd98f70d0>,0.0
O1CC(=O)N1Cl,<rdkit.Chem.rdchem.Mol object at 0x78cdd98f7140>,0.058823529411764705
CCNC,<rdkit.Chem.rdchem.Mol object at 0x78cdd98f71b0>,0.1
O1CC1=S,<rdkit.Chem.rdchem.Mol object at 0x78cdd98f7220>,0.0
Cl,<rdkit.Chem.rdchem.Mol object at 0x78cdd98f7290>,0.0
N(=O)OC1=CC=CC=C1OCC(O)F,<rdkit.Chem.rdchem.Mol object at 0x78cdd98f7300>,0.0
S1=S(=O)(O)N2CCC(O3)CC2C(=O)NCC31P,<rdkit.Chem.rdchem.Mol object at 0x78cdd98f7370>,0.0
C1#CONN=CC(F)=CC(O)=COC1C,<rdkit.Chem.rdchem.Mol object at 0x78cdd98f73e0>,0.02564102564102564
P=CC(=O)[NH1]C(=O)N(C)C,<rdkit.Chem.rdchem.Mol object at 0x78cdd98f7450>,0.045454545454545456
P=O,<rdkit.Chem.rdchem.Mol object at 0x78cdd98f74c0>,0.0
C=1=C(O)C=CC(O)=C=1,<rdkit.Chem.rdchem.Mol object at 0x78cdd98f7530>,0.0
CC12C3=CC(O)=NC(O)=C3OCCC1(O4)ON2COCC4OC=COC(F)CCNC=C,<rdkit.Chem.rdchem.Mol object at 0x78cdd98f75a0>,0.0136986301369863
CC1=NC=NC=N1,<rdkit.Chem.rdchem.Mol object at 0x78cdd98f7610>,0.06666666666666667
C123OCCOCC1(O)CC2[NH1]N=C3C(=O)NCC,<rdkit.Chem.rdchem.Mol object at 0x78cdd98f7680>,0.021739130434782608
P=1C(C)C(=O)N=1,<rdkit.Chem.rdchem.Mol object at 0x78cdd98f76f0>,0.058823529411764705
N=1C=C(O)C=C=1,<rdkit.Chem.rdchem.Mol object at 0x78cdd98f7760>,0.0
S,<rdkit.Chem.rdchem.Mol object at 0x78cdd98f77d0>,0.0
CCCCCNC=C,<rdkit.Chem.rdchem.Mol object at 0x78cdd98f7840>,0.05
O=SO,<rdkit.Chem.rdchem.Mol object at 0x78cdd98f78b0>,0.0
C1#COCOCP1(CCOCCOC2CCl)C3=CC(O)=CC=C3OC2=O,<rdkit.Chem.rdchem.Mol object at 0x78cdd98f7920>,0.017857142857142856
N12C(O)=CS1CC2SCl,<rdkit.Chem.rdchem.Mol object at 0x78cdd98f7990>,0.037037037037037035
C1C(O)C1(O)OC=O,<rdkit.Chem.rdchem.Mol object at 0x78cdd98f7a00>,0.0
N#N,<rdkit.Chem.rdchem.Mol object at 0x78cdd98f7a70>,0.0
NC1=CC=CC(F)=C1OCCCCCCC,<rdkit.Chem.rdchem.Mol object at 0x78cdd98f7ae0>,0.03125
C12OC1=C=C2N=P=C(CCCC3CNCC34CCCC5(O)C4C)CN(C)CC5OOO,<rdkit.Chem.rdchem.Mol object at 0x78cdd98f7b50>,0.014492753623188406
CN(C)CCC,<rdkit.Chem.rdchem.Mol object at 0x78cdd98f7bc0>,0.07692307692307693
O1CC1(N=O)C(O)CCOC=O,<rdkit.Chem.rdchem.Mol object at 0x78cdd98f7c30>,0.0
NCl,<rdkit.Chem.rdchem.Mol object at 0x78cdd98f7ca0>,0.2
[NH1]1C(=O)N2CCC(O)CC21,<rdkit.Chem.rdchem.Mol object at 0x78cdd98f7d10>,0.0
ClCC1NCC(O)CC1=NC(C)=N,<rdkit.Chem.rdchem.Mol object at 0x78cdd98f7d80>,0.06060606060606061
NN1C2=CC(O)=CC(O)=C2CC=C1Cl,<rdkit.Chem.rdchem.Mol object at 0x78cdd98f7df0>,0.03333333333333333
NC(=O)NCCCC(O1)C1,<rdkit.Chem.rdchem.Mol object at 0x78cdd98f7e60>,0.0
NF,<rdkit.Chem.rdchem.Mol object at 0x78cdd98f7ed0>,0.0
C1=2N=C1OS#CN=CCC(O)CCP=2CCC3=NC=NC=N3,<rdkit.Chem.rdchem.Mol object at 0x78cdd98f7f40>,0.019230769230769232
SN(O)C(O)C1C(O)C=S=SS(C=O)(=O)C=CSC=NOON1C=O,<rdkit.Chem.rdchem.Mol object at 0x78cdd98fc040>,0.0
N12CCC(O)C1CC2C#N,<rdkit.Chem.rdchem.Mol object at 0x78cdd98fc0b0>,0.038461538461538464
N,<rdkit.Chem.rdchem.Mol object at 0x78cdd98fc120>,0.0
FCCC(O)CN(C)C,<rdkit.Chem.rdchem.Mol object at 0x78cdd98fc190>,0.047619047619047616
P=1(SCC2CC3NC2C(O)CC3=1)CN,<rdkit.Chem.rdchem.Mol object at 0x78cdd98fc200>,0.0
CC,<rdkit.Chem.rdchem.Mol object at 0x78cdd98fc270>,0.25
N12C(=O)CC1O2,<rdkit.Chem.rdchem.Mol object at 0x78cdd98fc2e0>,0.0
O=C[NH1],<rdkit.Chem.rdchem.Mol object at 0x78cdd98fc350>,0.0
P1#C[NH1]C(=O)C2=CC3=CC=C2C1O3,<rdkit.Chem.rdchem.Mol object at 0x78cdd98fc3c0>,0.0
C12(F)C(F)=C1ON2CC=O,<rdkit.Chem.rdchem.Mol object at 0x78cdd98fc430>,0.0
N=1CCCC=1,<rdkit.Chem.rdchem.Mol object at 0x78cdd98fc4a0>,0.0
CCl,<rdkit.Chem.rdchem.Mol object at 0x78cdd98fc510>,1.0
C,<rdkit.Chem.rdchem.Mol object at 0x78cdd98fc580>,0.0
C(F)=NC1=CC=CC=C1F,<rdkit.Chem.rdchem.Mol object at 0x78cdd98fc5f0>,0.0
COC1CC(O)CC2(O)C1CC(O)C2=CC(=O)N(C)C(=O)N,<rdkit.Chem.rdchem.Mol object at 0x78cdd98fc660>,0.021739130434782608
C=1CN=1,<rdkit.Chem.rdchem.Mol object at 0x78cdd98fc6d0>,0.0
NF,<rdkit.Chem.rdchem.Mol object at 0x78cdd98fc740>,0.0
O1CCC1OO,<rdkit.Chem.rdchem.Mol object at 0x78cdd98fc7b0>,0.058823529411764705
C1(C=2)C(O)=CSC=2C(=O)[NH1]1,<rdkit.Chem.rdchem.Mol object at 0x78cdd98fc820>,0.0
N1(O2)CCN(C)CC2CC1=CO,<rdkit.Chem.rdchem.Mol object at 0x78cdd98fc890>,0.03225806451612903
C12OCCOCC1=C=NN(F)P2,<rdkit.Chem.rdchem.Mol object at 0x78cdd98fc900>,0.0
N1CCC(O)CC1=NC=O,<rdkit.Chem.rdchem.Mol object at 0x78cdd98fc970>,0.0
S(=O)[NH1]C(=O)C(O)CCOF,<rdkit.Chem.rdchem.Mol object at 0x78cdd98fc9e0>,0.0
O=COC=NN=CC=C(F)C=C,<rdkit.Chem.rdchem.Mol object at 0x78cdd98fca50>,0.0
N1C=C(F)C(F)=CC=CC=CC=N1,<rdkit.Chem.rdchem.Mol object at 0x78cdd98fcac0>,0.0
N1=CCOC2=CC=CC(O)=C2CC1OP=C,<rdkit.Chem.rdchem.Mol object at 0x78cdd98fcb30>,0.0
N(O)N,<rdkit.Chem.rdchem.Mol object at 0x78cdd98fcba0>,0.0
N12CCN(C)CC1CC2P=CN(O)OC(O)CCN(C)C=NC3=CC=CC(O)=C3C4C=N4,<rdkit.Chem.rdchem.Mol object at 0x78cdd98fcc10>,0.014084507042253521
ClSOCCCNN=CC=C(F)C(O)=CO,<rdkit.Chem.rdchem.Mol object at 0x78cdd98fcc80>,0.02564102564102564
CPC1=NC=NC=N1,<rdkit.Chem.rdchem.Mol object at 0x78cdd98fccf0>,0.05555555555555555
[NH1]1C(=O)N1,<rdkit.Chem.rdchem.Mol object at 0x78cdd98fcd60>,0.0
C=S=O,<rdkit.Chem.rdchem.Mol object at 0x78cdd98fcdd0>,0.0
S=O,<rdkit.Chem.rdchem.Mol object at 0x78cdd98fce40>,0.0
C1=NO1,<rdkit.Chem.rdchem.Mol object at 0x78cdd98fceb0>,0.0
C=O,<rdkit.Chem.rdchem.Mol object at 0x78cdd98fcf20>,0.0
C(=O)=NCSC1=CC=CC(O)=C1,<rdkit.Chem.rdchem.Mol object at 0x78cdd98fcf90>,0.0
[NH1]C=O,<rdkit.Chem.rdchem.Mol object at 0x78cdd98fd000>,0.0
N1=C(C)N(CC2CCN(C)C2)C1=CS(C)=S(=O)NCCCC(O)C,<rdkit.Chem.rdchem.Mol object at 0x78cdd98fd070>,0.017857142857142856
N12CCC1=C2N=C=O,<rdkit.Chem.rdchem.Mol object at 0x78cdd98fd0e0>,0.0
S,<rdkit.Chem.rdchem.Mol object at 0x78cdd98fd150>,0.0
OCl,<rdkit.Chem.rdchem.Mol object at 0x78cdd98fd1c0>,0.2
C1OC2CCN(C)CC2=N[NH1]1,<rdkit.Chem.rdchem.Mol object at 0x78cdd98fd230>,0.03225806451612903
PCC1=CC(F)=CC=C(F)C=CN1CC2CCNCC2,<rdkit.Chem.rdchem.Mol object at 0x78cdd98fd2a0>,0.0
S#CC=O,<rdkit.Chem.rdchem.Mol object at 0x78cdd98fd310>,0.0
S1#CCOCC2CCN(C)C3C2CC1NO3,<rdkit.Chem.rdchem.Mol object at 0x78cdd98fd380>,0.025
C(=O)=O,<rdkit.Chem.rdchem.Mol object at 0x78cdd98fd3f0>,0.0
N1(C)C(=O)NCC1O,<rdkit.Chem.rdchem.Mol object at 0x78cdd98fd460>,0.045454545454545456
P=O,<rdkit.Chem.rdchem.Mol object at 0x78cdd98fd4d0>,0.0
CCOC=CCO,<rdkit.Chem.rdchem.Mol object at 0x78cdd98fd540>,0.05263157894736842
N12CC1N2,<rdkit.Chem.rdchem.Mol object at 0x78cdd98fd5b0>,0.0
CCl,<rdkit.Chem.rdchem.Mol object at 0x78cdd98fd620>,1.0
C1OC2C(=O)N(C)C(=O)N21,<rdkit.Chem.rdchem.Mol object at 0x78cdd98fd690>,0.041666666666666664
FN=CN1C(F)CCN(C)C1C=C,<rdkit.Chem.rdchem.Mol object at 0x78cdd98fd700>,0.03125
C1(COC2CCCC3(O)C2CC(O)CC3)OCS1=[NH1],<rdkit.Chem.rdchem.Mol object at 0x78cdd98fd770>,0.0
C12C(O)=CS1CC3(O)C2=N3,<rdkit.Chem.rdchem.Mol object at 0x78cdd98fd7e0>,0.03571428571428571
S(O1)C(CS=S1)C=O,<rdkit.Chem.rdchem.Mol object at 0x78cdd98fd850>,0.0
C12COC3=CC=CC(O)=C3CC1NC4CCCC(O)C4O2,<rdkit.Chem.rdchem.Mol object at 0x78cdd98fd8c0>,0.0
P12=C(O)C=C(F)C=C1OCCC2NO,<rdkit.Chem.rdchem.Mol object at 0x78cdd98fd930>,0.0
C1(N(CCC1OCCC2)CC(O)=NC(O)=C2C)OC3=NC=NO3,<rdkit.Chem.rdchem.Mol object at 0x78cdd98fd9a0>,0.018518518518518517
C=CCOC1=CC(O)=CC(O)=C1OS,<rdkit.Chem.rdchem.Mol object at 0x78cdd98fda10>,0.0
N1(C=O)N(C)CC1F,<rdkit.Chem.rdchem.Mol object at 0x78cdd98fda80>,0.045454545454545456
P=CC#C,<rdkit.Chem.rdchem.Mol object at 0x78cdd98fdaf0>,0.0
C=1(O)C=C=1,<rdkit.Chem.rdchem.Mol object at 0x78cdd98fdb60>,0.0
C12CC3OCC1=NN=CC4=C(F)C(F)=CC=C4OC(=O)C3=C2OO[NH1]C(=O)[NH1]C(=O)C=C(F)C=CC=C,<rdkit.Chem.rdchem.Mol object at 0x78cdd98fdbd0>,0.0
P,<rdkit.Chem.rdchem.Mol object at 0x78cdd98fdc40>,0.0
S(C1NN=CC=C(F)C(F)=CO1)C=NO,<rdkit.Chem.rdchem.Mol object at 0x78cdd98fdcb0>,0.0
C#CCC(=O)NC=1CNCC=1,<rdkit.Chem.rdchem.Mol object at 0x78cdd98fdd20>,0.0
ClSSOS(=O)(=O)N1CCC(O)C2C1CC(O)CC2Cl,<rdkit.Chem.rdchem.Mol object at 0x78cdd98fdd90>,0.023809523809523808
S1(O)C23CCN(C)CC2CCC(O)CC1OC3P,<rdkit.Chem.rdchem.Mol object at 0x78cdd98fde00>,0.023809523809523808
N,<rdkit.Chem.rdchem.Mol object at 0x78cdd98fde70>,0.0
N1=S2N(NC3=CC=C(O)C(O)=C3OCC2)COCC1C=O,<rdkit.Chem.rdchem.Mol object at 0x78cdd98fdee0>,0.0
N12C3CCC(O)C1S2C4CCC(O)CN4CC3(CF)SC=CO,<rdkit.Chem.rdchem.Mol object at 0x78cdd98fdf50>,0.0
O1C(F)=CC=C1OCC2CCCCC2(O)O,<rdkit.Chem.rdchem.Mol object at 0x78cdd98fdfc0>,0.0
C(=O)OCCNCC,<rdkit.Chem.rdchem.Mol object at 0x78cdd98fe030>,0.047619047619047616
OP=C=O,<rdkit.Chem.rdchem.Mol object at 0x78cdd98fe0a0>,0.0
N#CC(=O)NNP=C=C(O)C=CC(O)=CO,<rdkit.Chem.rdchem.Mol object at 0x78cdd98fe110>,0.0
C12C(F)=CC=C1OC(O)CC2,<rdkit.Chem.rdchem.Mol object at 0x78cdd98fe180>,0.0
SF,<rdkit.Chem.rdchem.Mol object at 0x78cdd98fe1f0>,0.0
S1CC1=NN=CC(=O)[NH1]C(=O)N(C)C(=O)N(C)C(=O)N(C)C(=O)C,<rdkit.Chem.rdchem.Mol object at 0x78cdd98fe260>,0.025
S(=O)N1CCCCC1=S(=O)=O,<rdkit.Chem.rdchem.Mol object at 0x78cdd98fe2d0>,0.0
C1(=O)[NH1]C(=O)N(C)C(=O)CO1,<rdkit.Chem.rdchem.Mol object at 0x78cdd98fe340>,0.041666666666666664
N#CCC1CCN(C)CC1OC[NH1]C(=O)N(C)C(=O)C=C(F)C=CC=C,<rdkit.Chem.rdchem.Mol object at 0x78cdd98fe3b0>,0.01639344262295082
OCC,<rdkit.Chem.rdchem.Mol object at 0x78cdd98fe420>,0.125
N12C=NC=C1OC2,<rdkit.Chem.rdchem.Mol object at 0x78cdd98fe490>,0.0
C=O,<rdkit.Chem.rdchem.Mol object at 0x78cdd98fe500>,0.0
C1N2S1=NO[NH1]2,<rdkit.Chem.rdchem.Mol object at 0x78cdd98fe570>,0.0
C1(C=O)=CC=CC(O)=C1,<rdkit.Chem.rdchem.Mol object at 0x78cdd98fe5e0>,0.0
CSOC=CC(F)=CC=CC(O)=CC=O,<rdkit.Chem.rdchem.Mol object at 0x78cdd98fe650>,0.030303030303030304
P=1(CP=S=1=N)=CN,<rdkit.Chem.rdchem.Mol object at 0x78cdd98fe6c0>,0.0
S#S1=CC(C2)=NC(C3)=CC=C2OCCCC3P1P#CCl,<rdkit.Chem.rdchem.Mol object at 0x78cdd98fe730>,0.02
C(F)C(=O)NCCCNCF,<rdkit.Chem.rdchem.Mol object at 0x78cdd98fe7a0>,0.0
NOOC1CCCC(O)C1=O,<rdkit.Chem.rdchem.Mol object at 0x78cdd98fe810>,0.0
S=S=SC(=O)NCC(O)CC,<rdkit.Chem.rdchem.Mol object at 0x78cdd98fe880>,0.034482758620689655
C(O)C=1CCOCC=1C=O,<rdkit.Chem.rdchem.Mol object at 0x78cdd98fe8f0>,0.0
P12C(=O)OC3=CC=CC=C3CC1(O)O2,<rdkit.Chem.rdchem.Mol object at 0x78cdd98fe960>,0.0
ClSCC1CCN(C)CC1=N,<rdkit.Chem.rdchem.Mol object at 0x78cdd98fe9d0>,0.06896551724137931
COS1(=O)CCC2NC1N(C)C(=O)N2OC3OCCOCC3ONC=NNC4=CC=CC(F)=C4C(=O)N5CCNCC5,<rdkit.Chem.rdchem.Mol object at 0x78cdd98fea40>,0.011494252873563218
S1=C(O2)C=C(O)C=CC2=N1,<rdkit.Chem.rdchem.Mol object at 0x78cdd98feab0>,0.0
S1(=O)(=O)N2C3C4CCC2CC(O)C3ON14,<rdkit.Chem.rdchem.Mol object at 0x78cdd98feb20>,0.0
N1(C)CN(C)CC1CC(O)C=2CNSC=2C=O,<rdkit.Chem.rdchem.Mol object at 0x78cdd98feb90>,0.023809523809523808
O=[NH1],<rdkit.Chem.rdchem.Mol object at 0x78cdd98fec00>,0.0
[NH1]1C(=O)C(O)C12C#CC(=O)NCC23OCOCCC3=S,<rdkit.Chem.rdchem.Mol object at 0x78cdd98fec70>,0.0
C1CC(=O)N2CC(O)CC(O)C2=N1,<rdkit.Chem.rdchem.Mol object at 0x78cdd98fece0>,0.0
N(=O)ONCCC,<rdkit.Chem.rdchem.Mol object at 0x78cdd98fed50>,0.05
OC=O,<rdkit.Chem.rdchem.Mol object at 0x78cdd98fedc0>,0.0
C[NH1]C,<rdkit.Chem.rdchem.Mol object at 0x78cdd98fee30>,0.16666666666666666
C=O,<rdkit.Chem.rdchem.Mol object at 0x78cdd98feea0>,0.0
ON=CC12CC3C(O)CC1=NC[NH1]C(=O)C=4SC=CC=4C3N2OC5=NC=C(F)C(F)=C5OCCC,<rdkit.Chem.rdchem.Mol object at 0x78cdd98fef10>,0.012345679012345678
S(=O)=O,<rdkit.Chem.rdchem.Mol object at 0x78cdd98fef80>,0.0
SC1=NC=NC=C1F,<rdkit.Chem.rdchem.Mol object at 0x78cdd98feff0>,0.0
C12OCC(O)C1=S2OCNS,<rdkit.Chem.rdchem.Mol object at 0x78cdd98ff060>,0.0
OCC1CCN(C)CC1C=C,<rdkit.Chem.rdchem.Mol object at 0x78cdd98ff0d0>,0.034482758620689655
N1=C=C=SON=CC(O)=CC(O)=COC=SSS1=NC,<rdkit.Chem.rdchem.Mol object at 0x78cdd98ff140>,0.020833333333333332
O1C#CC2=CC=CC=C2OCCC(O)CCOC1,<rdkit.Chem.rdchem.Mol object at 0x78cdd98ff1b0>,0.0
F,<rdkit.Chem.rdchem.Mol object at 0x78cdd98ff220>,0.0
C1C=CC=C1OCl,<rdkit.Chem.rdchem.Mol object at 0x78cdd98ff290>,0.10526315789473684
O=NN,<rdkit.Chem.rdchem.Mol object at 0x78cdd98ff300>,0.0
FC(C)=CC=C,<rdkit.Chem.rdchem.Mol object at 0x78cdd98ff370>,0.0625
ClC=NCC=CCl,<rdkit.Chem.rdchem.Mol object at 0x78cdd98ff3e0>,0.058823529411764705
N1=C=N1,<rdkit.Chem.rdchem.Mol object at 0x78cdd98ff450>,0.0
S12CC(=O)N1O[NH1]2,<rdkit.Chem.rdchem.Mol object at 0x78cdd98ff4c0>,0.0
C=O,<rdkit.Chem.rdchem.Mol object at 0x78cdd98ff530>,0.0
C1(=O)N(C)C(=O)N1N2S=S(=O)CC(O)C2=NNNS=3C4=NC=C(O)C(F)=C4OC=3C5=NC=NO5,<rdkit.Chem.rdchem.Mol object at 0x78cdd98ff5a0>,0.013513513513513514
N1=S(O)C1CCON[NH1]S(=O)[NH1]C,<rdkit.Chem.rdchem.Mol object at 0x78cdd98ff610>,0.029411764705882353
[NH1]=O,<rdkit.Chem.rdchem.Mol object at 0x78cdd98ff680>,0.0
C=O,<rdkit.Chem.rdchem.Mol object at 0x78cdd98ff6f0>,0.0
C=O,<rdkit.Chem.rdchem.Mol object at 0x78cdd98ff760>,0.0
PN(O1)CC(O)CC(O2)C1CC(O)CC2=CS(=O)NCCCC,<rdkit.Chem.rdchem.Mol object at 0x78cdd98ff7d0>,0.02
O1OCC(O)=C1C(=O)[NH1],<rdkit.Chem.rdchem.Mol object at 0x78cdd98ff840>,0.0
[NH1]CNC1=C(O)C=C(O)C=C1OCC,<rdkit.Chem.rdchem.Mol object at 0x78cdd98ff8b0>,0.03125
NOF,<rdkit.Chem.rdchem.Mol object at 0x78cdd98ff920>,0.0
[NH1]=C=S(=O)NCCC,<rdkit.Chem.rdchem.Mol object at 0x78cdd98ff990>,0.045454545454545456
O1CC(O)CC1(O)F,<rdkit.Chem.rdchem.Mol object at 0x78cdd98ffa00>,0.0
C123C(O)C1C2CN(C)C3=O,<rdkit.Chem.rdchem.Mol object at 0x78cdd98ffa70>,0.038461538461538464
C=O,<rdkit.Chem.rdchem.Mol object at 0x78cdd98ffae0>,0.0
N1CCN(C)CC1OC(=O)C=2SC=CC=2CF,<rdkit.Chem.rdchem.Mol object at 0x78cdd98ffb50>,0.022222222222222223
COCCCN(C)C,<rdkit.Chem.rdchem.Mol object at 0x78cdd98ffbc0>,0.05555555555555555
C=O,<rdkit.Chem.rdchem.Mol object at 0x78cdd98ffc30>,0.0
O=CCOC=CC(O)=CC(O1)=C1,<rdkit.Chem.rdchem.Mol object at 0x78cdd98ffca0>,0.0
C1OS#C1,<rdkit.Chem.rdchem.Mol object at 0x78cdd98ffd10>,0.0
C1#CC2=CC(O)=CC(O)=C2OCP1N=P=N,<rdkit.Chem.rdchem.Mol object at 0x78cdd98ffd80>,0.0
C=O,<rdkit.Chem.rdchem.Mol object at 0x78cdd98ffdf0>,0.0
P#N,<rdkit.Chem.rdchem.Mol object at 0x78cdd98ffe60>,0.0
N12C=CC=CC1=N2,<rdkit.Chem.rdchem.Mol object at 0x78cdd98ffed0>,0.0
ClCCONS(CCO)C1=CC=CC=C1OCC(O)C,<rdkit.Chem.rdchem.Mol object at 0x78cdd98fff40>,0.045454545454545456
C1CO1,<rdkit.Chem.rdchem.Mol object at 0x78cdd9900040>,0.0
O,<rdkit.Chem.rdchem.Mol object at 0x78cdd99000b0>,0.0
OCC1=NN=CO1,<rdkit.Chem.rdchem.Mol object at 0x78cdd9900120>,0.0
N#CCPP(O)C1CCN(C)CC1S(O)CCCC,<rdkit.Chem.rdchem.Mol object at 0x78cdd9900190>,0.021739130434782608
O1C(=O)[NH1]C(=O)N(C)C(=O)CC=C1F,<rdkit.Chem.rdchem.Mol object at 0x78cdd9900200>,0.03225806451612903
N,<rdkit.Chem.rdchem.Mol object at 0x78cdd9900270>,0.0
C=O,<rdkit.Chem.rdchem.Mol object at 0x78cdd99002e0>,0.0
[NH1]=S(=O)[NH1]C(=O)N(C)C(=O)NCCCCl,<rdkit.Chem.rdchem.Mol object at 0x78cdd9900350>,0.0625
S=O,<rdkit.Chem.rdchem.Mol object at 0x78cdd99003c0>,0.0
N,<rdkit.Chem.rdchem.Mol object at 0x78cdd9900430>,0.0
CF,<rdkit.Chem.rdchem.Mol object at 0x78cdd99004a0>,0.2
O=N,<rdkit.Chem.rdchem.Mol object at 0x78cdd9900510>,0.0
C1(=O)N(C)C(=O)N(C)C(=O)N1OON2CCCC(O)C2NC3(C=O)CC(O)C3,<rdkit.Chem.rdchem.Mol object at 0x78cdd9900580>,0.02040816326530612
O=CC=O,<rdkit.Chem.rdchem.Mol object at 0x78cdd99005f0>,0.0
CN1CCCC1=O,<rdkit.Chem.rdchem.Mol object at 0x78cdd9900660>,0.05263157894736842
C1COC(=O)NC2=CC=CC=C2C1OS#N,<rdkit.Chem.rdchem.Mol object at 0x78cdd99006d0>,0.0
OC(=O)C=CSCC=S#CN(O)C(O)CCCl,<rdkit.Chem.rdchem.Mol object at 0x78cdd9900740>,0.024390243902439025
COC[NH1]C(=O)N(C)C(=O)C=C(F)C=CC=C,<rdkit.Chem.rdchem.Mol object at 0x78cdd99007b0>,0.02564102564102564
O1C(=O)NC1NO,<rdkit.Chem.rdchem.Mol object at 0x78cdd9900820>,0.0
NC1C2CCC1CC(O)C2Cl,<rdkit.Chem.rdchem.Mol object at 0x78cdd9900890>,0.04
NCl,<rdkit.Chem.rdchem.Mol object at 0x78cdd9900900>,0.2
P=NCl,<rdkit.Chem.rdchem.Mol object at 0x78cdd9900970>,0.125
O,<rdkit.Chem.rdchem.Mol object at 0x78cdd99009e0>,0.0
CCC=CC,<rdkit.Chem.rdchem.Mol object at 0x78cdd9900a50>,0.07692307692307693
N1C=N1,<rdkit.Chem.rdchem.Mol object at 0x78cdd9900ac0>,0.0
P=[NH1],<rdkit.Chem.rdchem.Mol object at 0x78cdd9900b30>,0.0
SCC(=O)NCCC1=CC(F)=CC=C1,<rdkit.Chem.rdchem.Mol object at 0x78cdd9900ba0>,0.0
[NH1]1C(=O)N(C)C(=O)N(C)CC1O,<rdkit.Chem.rdchem.Mol object at 0x78cdd9900c10>,0.038461538461538464
O1CC2CCNCC2N1,<rdkit.Chem.rdchem.Mol object at 0x78cdd9900c80>,0.0
CCl,<rdkit.Chem.rdchem.Mol object at 0x78cdd9900cf0>,1.0
P=1#CN=1,<rdkit.Chem.rdchem.Mol object at 0x78cdd9900d60>,0.0
[NH1],<rdkit.Chem.rdchem.Mol object at 0x78cdd9900dd0>,0.0
O=N,<rdkit.Chem.rdchem.Mol object at 0x78cdd9900e40>,0.0
O1CCCCN(C)C1,<rdkit.Chem.rdchem.Mol object at 0x78cdd9900eb0>,0.05
N=NC=O,<rdkit.Chem.rdchem.Mol object at 0x78cdd9900f20>,0.0
CC1C=2CN(C3)CC1CC(O)CC3=2,<rdkit.Chem.rdchem.Mol object at 0x78cdd9900f90>,0.03225806451612903
[NH1]C=O,<rdkit.Chem.rdchem.Mol object at 0x78cdd9901000>,0.0
P1C(C)=NC=NC=NC=N1,<rdkit.Chem.rdchem.Mol object at 0x78cdd9901070>,0.045454545454545456
N#COSC1=C(O2)C=CC=C1OCC2C=O,<rdkit.Chem.rdchem.Mol object at 0x78cdd99010e0>,0.0
C=O,<rdkit.Chem.rdchem.Mol object at 0x78cdd9901150>,0.0
C=NPOSC1=C(F)C(F)=CC=C1OCC2CCCCC2=O,<rdkit.Chem.rdchem.Mol object at 0x78cdd99011c0>,0.0
CCN1CCCCC1OC=O,<rdkit.Chem.rdchem.Mol object at 0x78cdd9901230>,0.034482758620689655
PCC,<rdkit.Chem.rdchem.Mol object at 0x78cdd99012a0>,0.125
C1(O)C=CC=C1F,<rdkit.Chem.rdchem.Mol object at 0x78cdd9901310>,0.0
CF,<rdkit.Chem.rdchem.Mol object at 0x78cdd9901380>,0.2
P123C(N4CCC(O)CC4)=NC1=C2CC3(F)C=O,<rdkit.Chem.rdchem.Mol object at 0x78cdd99013f0>,0.0
Cl,<rdkit.Chem.rdchem.Mol object at 0x78cdd9901460>,0.0
NCC(O)CCO,<rdkit.Chem.rdchem.Mol object at 0x78cdd99014d0>,0.0
ClCCC1CNCC2=C(O)C(F)=CC=C2OCCC1CF,<rdkit.Chem.rdchem.Mol object at 0x78cdd9901540>,0.020833333333333332
[NH1]1C(=O)N1,<rdkit.Chem.rdchem.Mol object at 0x78cdd99015b0>,0.0
Cl,<rdkit.Chem.rdchem.Mol object at 0x78cdd9901620>,0.0
PCC=N,<rdkit.Chem.rdchem.Mol object at 0x78cdd9901690>,0.0
S=1C=CC=1F,<rdkit.Chem.rdchem.Mol object at 0x78cdd9901700>,0.0
O,<rdkit.Chem.rdchem.Mol object at 0x78cdd9901770>,0.0
C12OC1=NN2CC(S(N)(O)C3CCNC)CC3CCS=C,<rdkit.Chem.rdchem.Mol object at 0x78cdd99017e0>,0.018867924528301886
C#CCl,<rdkit.Chem.rdchem.Mol object at 0x78cdd9901850>,0.125
O=C,<rdkit.Chem.rdchem.Mol object at 0x78cdd99018c0>,0.0
O=[NH1],<rdkit.Chem.rdchem.Mol object at 0x78cdd9901930>,0.0
P1C2CCC(O)CC2CC(O3)CCOCC3S1(=O)C=O,<rdkit.Chem.rdchem.Mol object at 0x78cdd99019a0>,0.0
O=O,<rdkit.Chem.rdchem.Mol object at 0x78cdd9901a10>,0.0
P(=O)=O,<rdkit.Chem.rdchem.Mol object at 0x78cdd9901a80>,0.0
C#1SC#1,<rdkit.Chem.rdchem.Mol object at 0x78cdd9901af0>,0.0
C,<rdkit.Chem.rdchem.Mol object at 0x78cdd9901b60>,0.0
S=O,<rdkit.Chem.rdchem.Mol object at 0x78cdd9901bd0>,0.0
C=O,<rdkit.Chem.rdchem.Mol object at 0x78cdd9901c40>,0.0
N12CCCC(O)C1=N2,<rdkit.Chem.rdchem.Mol object at 0x78cdd9901cb0>,0.0
N=C=O,<rdkit.Chem.rdchem.Mol object at 0x78cdd9901d20>,0.0
N=C(F)C(F)=CSCF,<rdkit.Chem.rdchem.Mol object at 0x78cdd9901d90>,0.0
O1C(C)=CC=C1OCCCCP(COCl)CC(F)=CC(O)=COCCCCC,<rdkit.Chem.rdchem.Mol object at 0x78cdd9901e00>,0.03636363636363636
O1CC1=S(=O)=O,<rdkit.Chem.rdchem.Mol object at 0x78cdd9901e70>,0.0
O(C1=CC=CC=C1OC)C=CS=NC=O,<rdkit.Chem.rdchem.Mol object at 0x78cdd9901ee0>,0.030303030303030304
S1C2=CC=CC(O)=C2CC1,<rdkit.Chem.rdchem.Mol object at 0x78cdd9901f50>,0.0
O=NC=O,<rdkit.Chem.rdchem.Mol object at 0x78cdd9901fc0>,0.0
CF,<rdkit.Chem.rdchem.Mol object at 0x78cdd9902030>,0.2
NC(C)=NO,<rdkit.Chem.rdchem.Mol object at 0x78cdd99020a0>,0.08333333333333333
C=C(NNCCC1=NN=CN1CCCC2=NC(O)=CS2)CC(=O)N,<rdkit.Chem.rdchem.Mol object at 0x78cdd9902110>,0.0
S[NH1]C(=O)N(C)C(=O)NNN=CC=CC=CON=S(=O)(O)NC,<rdkit.Chem.rdchem.Mol object at 0x78cdd9902180>,0.02127659574468085
N1=COC1(O)C2CCN(C)CC2PC,<rdkit.Chem.rdchem.Mol object at 0x78cdd99021f0>,0.027777777777777776
C1C2CC3CC1CC2=CCOC=C4C(C)=CSC4=N3,<rdkit.Chem.rdchem.Mol object at 0x78cdd9902260>,0.022222222222222223
NN=O,<rdkit.Chem.rdchem.Mol object at 0x78cdd99022d0>,0.0
S=O,<rdkit.Chem.rdchem.Mol object at 0x78cdd9902340>,0.0
C1C(C)=NO1,<rdkit.Chem.rdchem.Mol object at 0x78cdd99023b0>,0.07142857142857142
C1OC=C1O,<rdkit.Chem.rdchem.Mol object at 0x78cdd9902420>,0.0
C1N2CC(O)CC(O)C2=NC=C1C=O,<rdkit.Chem.rdchem.Mol object at 0x78cdd9902490>,0.02857142857142857
O,<rdkit.Chem.rdchem.Mol object at 0x78cdd9902500>,0.0
C1C2CCNCC2CC1[NH1]C(=O)[NH1]C,<rdkit.Chem.rdchem.Mol object at 0x78cdd9902570>,0.03125
C#C,<rdkit.Chem.rdchem.Mol object at 0x78cdd99025e0>,0.0
O1C#CC=C1COC2=CC(O)=CC(O)=C2OC#CC=O,<rdkit.Chem.rdchem.Mol object at 0x78cdd9902650>,0.0
FN=CC=CC1=COCCC1O,<rdkit.Chem.rdchem.Mol object at 0x78cdd99026c0>,0.0
F,<rdkit.Chem.rdchem.Mol object at 0x78cdd9902730>,0.0
C1C=CC=C1F,<rdkit.Chem.rdchem.Mol object at 0x78cdd99027a0>,0.058823529411764705
C=1C(O)=C=1,<rdkit.Chem.rdchem.Mol object at 0x78cdd9902810>,0.0
C,<rdkit.Chem.rdchem.Mol object at 0x78cdd9902880>,0.0
NCCCC,<rdkit.Chem.rdchem.Mol object at 0x78cdd99028f0>,0.07692307692307693
[NH1]C=C,<rdkit.Chem.rdchem.Mol object at 0x78cdd9902960>,0.0
C12CCC(O)C1S2CF,<rdkit.Chem.rdchem.Mol object at 0x78cdd99029d0>,0.0
O=C(C1=NC=CO1)CC(O)CO,<rdkit.Chem.rdchem.Mol object at 0x78cdd9902a40>,0.0
CC1NC2=C(O)C(F)=CC=C2N3CCC(O)CC3=N1,<rdkit.Chem.rdchem.Mol object at 0x78cdd9902ab0>,0.022222222222222223
C#CCl,<rdkit.Chem.rdchem.Mol object at 0x78cdd9902b20>,0.125
C12ON3C4CCC3CC(O)C41N=N2,<rdkit.Chem.rdchem.Mol object at 0x78cdd9902b90>,0.0
S=1NN=1,<rdkit.Chem.rdchem.Mol object at 0x78cdd9902c00>,0.0
NCCC1=NC2=CC(O)=CC=C2C(=O)[NH1]1,<rdkit.Chem.rdchem.Mol object at 0x78cdd9902c70>,0.0
N12CCCC1(O)ON(C)CCCC2(O)OOC#CC=O,<rdkit.Chem.rdchem.Mol object at 0x78cdd9902ce0>,0.023809523809523808
S=12C=CC=1C2=O,<rdkit.Chem.rdchem.Mol object at 0x78cdd9902d50>,0.0
O=CO,<rdkit.Chem.rdchem.Mol object at 0x78cdd9902dc0>,0.0
S1S(C)C1=COCCOC2CCNC2,<rdkit.Chem.rdchem.Mol object at 0x78cdd9902e30>,0.027777777777777776
NCC,<rdkit.Chem.rdchem.Mol object at 0x78cdd9902ea0>,0.125
O1C=CC1C(NF)OCCPCPC=CC(O)=CC(O)=C,<rdkit.Chem.rdchem.Mol object at 0x78cdd9902f10>,0.0
N12CCC1C#CC(C)CCN(C)C(O)OS23N(C4)C=NC5=NC=NC=C5C43CF,<rdkit.Chem.rdchem.Mol object at 0x78cdd9902f80>,0.014925373134328358
N=1C(O)=CC(O)=C=1,<rdkit.Chem.rdchem.Mol object at 0x78cdd9902ff0>,0.0
FCC=NC1=CC(F)=CC=C1C(=O)[NH1],<rdkit.Chem.rdchem.Mol object at 0x78cdd9903060>,0.0
P=S(=O)=O,<rdkit.Chem.rdchem.Mol object at 0x78cdd99030d0>,0.0
O1C(=O)[NH1]C(=O)N(C)C(=O)N(C)C1,<rdkit.Chem.rdchem.Mol object at 0x78cdd9903140>,0.038461538461538464
C1C=NC2=CC=CC=C2C1=O,<rdkit.Chem.rdchem.Mol object at 0x78cdd99031b0>,0.0
S1PS=C1ON=CC2CCC(O)CC2,<rdkit.Chem.rdchem.Mol object at 0x78cdd9903220>,0.0
N1NP1#N,<rdkit.Chem.rdchem.Mol object at 0x78cdd9903290>,0.0
Cl,<rdkit.Chem.rdchem.Mol object at 0x78cdd9903300>,0.0
N#S=O,<rdkit.Chem.rdchem.Mol object at 0x78cdd9903370>,0.0
C1PC(F)(F)CCN(C2CCCCC2)C1F,<rdkit.Chem.rdchem.Mol object at 0x78cdd99033e0>,0.0
NCCCN(C1)C1,<rdkit.Chem.rdchem.Mol object at 0x78cdd9903450>,0.0
C,<rdkit.Chem.rdchem.Mol object at 0x78cdd99034c0>,0.0
S(=O)N1CCN(C)CC1Cl,<rdkit.Chem.rdchem.Mol object at 0x78cdd9903530>,0.08333333333333333
[NH1],<rdkit.Chem.rdchem.Mol object at 0x78cdd99035a0>,0.0
S1C2=C(O)C=CC(O)=C21,<rdkit.Chem.rdchem.Mol object at 0x78cdd9903610>,0.0
C1CC(=O)N1C,<rdkit.Chem.rdchem.Mol object at 0x78cdd9903680>,0.0625
S#S,<rdkit.Chem.rdchem.Mol object at 0x78cdd99036f0>,0.0
FOS#N,<rdkit.Chem.rdchem.Mol object at 0x78cdd9903760>,0.0
C=O,<rdkit.Chem.rdchem.Mol object at 0x78cdd99037d0>,0.0
OCP=O,<rdkit.Chem.rdchem.Mol object at 0x78cdd9903840>,0.0
S(=O)#CF,<rdkit.Chem.rdchem.Mol object at 0x78cdd99038b0>,0.0
CF,<rdkit.Chem.rdchem.Mol object at 0x78cdd9903920>,0.2
C1NCC2CC1N(C)C(=O)N2Cl,<rdkit.Chem.rdchem.Mol object at 0x78cdd9903990>,0.07407407407407407
C1CC=2S1(=C)SC=2NF,<rdkit.Chem.rdchem.Mol object at 0x78cdd9903a00>,0.0
C1(=O)NC2=C(O)C=CC=C21,<rdkit.Chem.rdchem.Mol object at 0x78cdd9903a70>,0.0
C#CS1[NH1]C(=O)N(C)C(=O)N2C(=O)NCC2(O)O1,<rdkit.Chem.rdchem.Mol object at 0x78cdd9903ae0>,0.025
OF,<rdkit.Chem.rdchem.Mol object at 0x78cdd9903b50>,0.0
N1(C)C(=O)N(C)C(=O)N1C,<rdkit.Chem.rdchem.Mol object at 0x78cdd9903bc0>,0.07142857142857142
N1(O)CCCC1=CC(=O)[NH1]C(=O)NN(C)OOCCOC2=CC(C)=CC(O)=C2O,<rdkit.Chem.rdchem.Mol object at 0x78cdd9903c30>,0.016666666666666666
N1=CC(F)=CC(O)=C1O[NH1],<rdkit.Chem.rdchem.Mol object at 0x78cdd9903ca0>,0.0
C1(C)N=C1CF,<rdkit.Chem.rdchem.Mol object at 0x78cdd9903d10>,0.058823529411764705
OF,<rdkit.Chem.rdchem.Mol object at 0x78cdd9903d80>,0.0
ClN(C)CCOCCOSOOON,<rdkit.Chem.rdchem.Mol object at 0x78cdd9903df0>,0.06451612903225806
O=S(=O)=S1SCN(C)CC1OC,<rdkit.Chem.rdchem.Mol object at 0x78cdd9903e60>,0.03333333333333333
P#N,<rdkit.Chem.rdchem.Mol object at 0x78cdd9903ed0>,0.0
C1=CCO1,<rdkit.Chem.rdchem.Mol object at 0x78cdd9903f40>,0.0
[NH1]=CP#C,<rdkit.Chem.rdchem.Mol object at 0x78cdd9904040>,0.0
S(=O)#N,<rdkit.Chem.rdchem.Mol object at 0x78cdd99040b0>,0.0
C1(=O)N2CCNC=C21,<rdkit.Chem.rdchem.Mol object at 0x78cdd9904120>,0.0
C(=O)[NH1]C(=O)C=1SC=CC=1,<rdkit.Chem.rdchem.Mol object at 0x78cdd9904190>,0.0
S12(C)=S(=O)NCCCC(O)C1[NH1]O2,<rdkit.Chem.rdchem.Mol object at 0x78cdd9904200>,0.029411764705882353
NC1=SNOCC1OC(CC=2O)CCONOCCC=2SOO,<rdkit.Chem.rdchem.Mol object at 0x78cdd9904270>,0.0
S=1(=O)CC(O)C=1Cl,<rdkit.Chem.rdchem.Mol object at 0x78cdd99042e0>,0.05
S,<rdkit.Chem.rdchem.Mol object at 0x78cdd9904350>,0.0
O=C=C[NH1]C,<rdkit.Chem.rdchem.Mol object at 0x78cdd99043c0>,0.06666666666666667
C=O,<rdkit.Chem.rdchem.Mol object at 0x78cdd9904430>,0.0
C(O)C=C,<rdkit.Chem.rdchem.Mol object at 0x78cdd99044a0>,0.0
C12CC3=CC=CC(O)=C3C1[NH1]2,<rdkit.Chem.rdchem.Mol object at 0x78cdd9904510>,0.0
C12OC1(O)O2,<rdkit.Chem.rdchem.Mol object at 0x78cdd9904580>,0.0
N12N(N)CCCC1(O)OO2,<rdkit.Chem.rdchem.Mol object at 0x78cdd99045f0>,0.0
S#CC#N,<rdkit.Chem.rdchem.Mol object at 0x78cdd9904660>,0.0
O1NC2CC(O)CC(O)C2CC1=CC=C(F)C(F)=CO,<rdkit.Chem.rdchem.Mol object at 0x78cdd99046d0>,0.0
PF,<rdkit.Chem.rdchem.Mol object at 0x78cdd9904740>,0.0
C=O,<rdkit.Chem.rdchem.Mol object at 0x78cdd99047b0>,0.0
N=SCCC1=NC(C)=CC(O)=C1CCCONS,<rdkit.Chem.rdchem.Mol object at 0x78cdd9904820>,0.047619047619047616
O,<rdkit.Chem.rdchem.Mol object at 0x78cdd9904890>,0.0
NC=O,<rdkit.Chem.rdchem.Mol object at 0x78cdd9904900>,0.0
CC1=CC=CC=N1,<rdkit.Chem.rdchem.Mol object at 0x78cdd9904970>,0.05555555555555555
N#N,<rdkit.Chem.rdchem.Mol object at 0x78cdd99049e0>,0.0
NC#N,<rdkit.Chem.rdchem.Mol object at 0x78cdd9904a50>,0.0
C=1OC2CCCN(C)C2(O)CC=1,<rdkit.Chem.rdchem.Mol object at 0x78cdd9904ac0>,0.03125
OCC1CCNCC1OCC2CCNCC2=C,<rdkit.Chem.rdchem.Mol object at 0x78cdd9904b30>,0.0
C(=O)[NH1],<rdkit.Chem.rdchem.Mol object at 0x78cdd9904ba0>,0.0
CCCN,<rdkit.Chem.rdchem.Mol object at 0x78cdd9904c10>,0.1
C1C2CCNC2=N1,<rdkit.Chem.rdchem.Mol object at 0x78cdd9904c80>,0.0
P,<rdkit.Chem.rdchem.Mol object at 0x78cdd9904cf0>,0.0
S,<rdkit.Chem.rdchem.Mol object at 0x78cdd9904d60>,0.0
COCC,<rdkit.Chem.rdchem.Mol object at 0x78cdd9904dd0>,0.1
SC=CC=CC,<rdkit.Chem.rdchem.Mol object at 0x78cdd9904e40>,0.07142857142857142
N1CC1F,<rdkit.Chem.rdchem.Mol object at 0x78cdd9904eb0>,0.0
O1CCC1(O)C2CCN(C)CC23SON=C[NH1]C(=O)C=C(F)C(F)=COCOCC3CSS=O,<rdkit.Chem.rdchem.Mol object at 0x78cdd9904f20>,0.012987012987012988
N1C2CC(O)CC(O)C21N(C)ON3CCNCC3P=O,<rdkit.Chem.rdchem.Mol object at 0x78cdd9904f90>,0.02127659574468085
C=O,<rdkit.Chem.rdchem.Mol object at 0x78cdd9905000>,0.0
[NH1]=O,<rdkit.Chem.rdchem.Mol object at 0x78cdd9905070>,0.0
O,<rdkit.Chem.rdchem.Mol object at 0x78cdd99050e0>,0.0
S1P(O)C2CCN(C3)CC2CC1=S3NCl,<rdkit.Chem.rdchem.Mol object at 0x78cdd9905150>,0.025
P12C3=CC=C(F)C=C3OCC1=C2P=S=O,<rdkit.Chem.rdchem.Mol object at 0x78cdd99051c0>,0.0
O=CP,<rdkit.Chem.rdchem.Mol object at 0x78cdd9905230>,0.0
C1OC1(COC=C2C=CC=C)COC2(O)ONCCC,<rdkit.Chem.rdchem.Mol object at 0x78cdd99052a0>,0.021739130434782608
COC=C,<rdkit.Chem.rdchem.Mol object at 0x78cdd9905310>,0.09090909090909091
N=CCl,<rdkit.Chem.rdchem.Mol object at 0x78cdd9905380>,0.125
C12CCC(O3)C1(O)CC2S(PC(=O)N4CCC(O5)CC4CC)(O)C5(O)C3=C=S,<rdkit.Chem.rdchem.Mol object at 0x78cdd99053f0>,0.016129032258064516
OC1COC2=CC=CC=C2C(=O)[NH1]1,<rdkit.Chem.rdchem.Mol object at 0x78cdd9905460>,0.0
C=O,<rdkit.Chem.rdchem.Mol object at 0x78cdd99054d0>,0.0
C1(=O)N2CCC(O)CC2OCN(C)C13OC4C#CC5=CC=CC=C5CCC4(O)O[NH1]3,<rdkit.Chem.rdchem.Mol object at 0x78cdd9905540>,0.014925373134328358
ClONC=C(F)C(F)=COC=O,<rdkit.Chem.rdchem.Mol object at 0x78cdd99055b0>,0.037037037037037035
F,<rdkit.Chem.rdchem.Mol object at 0x78cdd9905620>,0.0
S=[NH1],<rdkit.Chem.rdchem.Mol object at 0x78cdd9905690>,0.0
C1=2CC1=C=2,<rdkit.Chem.rdchem.Mol object at 0x78cdd9905700>,0.0
C1OCCCCC1Cl,<rdkit.Chem.rdchem.Mol object at 0x78cdd9905770>,0.05
NCl,<rdkit.Chem.rdchem.Mol object at 0x78cdd99057e0>,0.2
C#CPN,<rdkit.Chem.rdchem.Mol object at 0x78cdd9905850>,0.0
N=O,<rdkit.Chem.rdchem.Mol object at 0x78cdd99058c0>,0.0
C=O,<rdkit.Chem.rdchem.Mol object at 0x78cdd9905930>,0.0
C1C2=CC=CC=C21,<rdkit.Chem.rdchem.Mol object at 0x78cdd99059a0>,0.0
NF,<rdkit.Chem.rdchem.Mol object at 0x78cdd9905a10>,0.0
S=1(CCO2)C(=O)N(C)C(=O)N2C=SS=C=1,<rdkit.Chem.rdchem.Mol object at 0x78cdd9905a80>,0.02631578947368421
C#N,<rdkit.Chem.rdchem.Mol object at 0x78cdd9905af0>,0.0
[NH1]1C(=O)C2=CC=CC=C21,<rdkit.Chem.rdchem.Mol object at 0x78cdd9905b60>,0.0
N(C)=CCl,<rdkit.Chem.rdchem.Mol object at 0x78cdd9905bd0>,0.2
C(=O)C,<rdkit.Chem.rdchem.Mol object at 0x78cdd9905c40>,0.125
O1CC(O)CC1=CC=CC,<rdkit.Chem.rdchem.Mol object at 0x78cdd9905cb0>,0.037037037037037035
SCON=O,<rdkit.Chem.rdchem.Mol object at 0x78cdd9905d20>,0.0
O=C=C,<rdkit.Chem.rdchem.Mol object at 0x78cdd9905d90>,0.0
NC=CC(O)=CC(O)=CSC1=CC(O)=CC(O)=C1OC=O,<rdkit.Chem.rdchem.Mol object at 0x78cdd9905e00>,0.0
COC1=CC(O2)=CC(O)=CC=C2N1C3CCC3OONN=CNPC=C(O)C=C(F)C(F)=COCCl,<rdkit.Chem.rdchem.Mol object at 0x78cdd9905e70>,0.02564102564102564
C=CF,<rdkit.Chem.rdchem.Mol object at 0x78cdd9905ee0>,0.0
O1C2COC3C1=C=C(C=NC4=NC(O)=CS4C3C2(O5)CCCN(C)C5)C=O,<rdkit.Chem.rdchem.Mol object at 0x78cdd9905f50>,0.015151515151515152
OCC1CC(O)CN(C2CCNC2)N=C1C[NH1]C(=O)[NH1],<rdkit.Chem.rdchem.Mol object at 0x78cdd9905fc0>,0.0
S(=O)=O,<rdkit.Chem.rdchem.Mol object at 0x78cdd9906030>,0.0
FSCP,<rdkit.Chem.rdchem.Mol object at 0x78cdd99060a0>,0.0
CF,<rdkit.Chem.rdchem.Mol object at 0x78cdd9906110>,0.2
O1C2=C(F)C=CC=C21,<rdkit.Chem.rdchem.Mol object at 0x78cdd9906180>,0.0
NCCC1=NC=NO1,<rdkit.Chem.rdchem.Mol object at 0x78cdd99061f0>,0.0
C1(=O)N2CCNCC2OO1,<rdkit.Chem.rdchem.Mol object at 0x78cdd9906260>,0.0
C=O,<rdkit.Chem.rdchem.Mol object at 0x78cdd99062d0>,0.0
C(=O)=O,<rdkit.Chem.rdchem.Mol object at 0x78cdd9906340>,0.0
N12CC1=C2OCOC,<rdkit.Chem.rdchem.Mol object at 0x78cdd99063b0>,0.045454545454545456
C#N,<rdkit.Chem.rdchem.Mol object at 0x78cdd9906420>,0.0
ClC[NH1]C(=O)C=1SC=CC=1CCC(=O)N(C)C,<rdkit.Chem.rdchem.Mol object at 0x78cdd9906490>,0.05405405405405406
O=O,<rdkit.Chem.rdchem.Mol object at 0x78cdd9906500>,0.0
N(C)C,<rdkit.Chem.rdchem.Mol object at 0x78cdd9906570>,0.16666666666666666
CC(OCC1CCN(C)CC1N2CCC)CC2F,<rdkit.Chem.rdchem.Mol object at 0x78cdd99065e0>,0.025
ClCl,<rdkit.Chem.rdchem.Mol object at 0x78cdd9906650>,0.25
C=1CC(=O)NC=1CP[NH1]C,<rdkit.Chem.rdchem.Mol object at 0x78cdd99066c0>,0.034482758620689655
C12(O)C(F)=CC=C1C(=O)[NH1]2,<rdkit.Chem.rdchem.Mol object at 0x78cdd9906730>,0.0
C=O,<rdkit.Chem.rdchem.Mol object at 0x78cdd99067a0>,0.0
O1C=C1O,<rdkit.Chem.rdchem.Mol object at 0x78cdd9906810>,0.0
PF,<rdkit.Chem.rdchem.Mol object at 0x78cdd9906880>,0.0
S(=O)=O,<rdkit.Chem.rdchem.Mol object at 0x78cdd99068f0>,0.0
[NH1]1C(=O)N1CCCC2=NCOCCC2N=O,<rdkit.Chem.rdchem.Mol object at 0x78cdd9906960>,0.0
O,<rdkit.Chem.rdchem.Mol object at 0x78cdd99069d0>,0.0
C1S=NN1,<rdkit.Chem.rdchem.Mol object at 0x78cdd9906a40>,0.0
S1=2#CC1CCCCOCC3CCCC(O)C3=2,<rdkit.Chem.rdchem.Mol object at 0x78cdd9906ab0>,0.0
S1=NC=C(O)C(F)=CO1,<rdkit.Chem.rdchem.Mol object at 0x78cdd9906b20>,0.0
F,<rdkit.Chem.rdchem.Mol object at 0x78cdd9906b90>,0.0
S12=NS1#CS2(=CS=C(C)C3=C(F)C(F)=CC=C3OCCCC=O)(C)C,<rdkit.Chem.rdchem.Mol object at 0x78cdd9906c00>,0.017857142857142856
N1(COC=NC2=CC=CC=C2C=O)COCC1F,<rdkit.Chem.rdchem.Mol object at 0x78cdd9906c70>,0.0
C=O,<rdkit.Chem.rdchem.Mol object at 0x78cdd9906ce0>,0.0
S1S2=S(=O)[NH1]C(=O)C2N1N=NP#CCCC(=O)N3CCCC(O)C=CCP=S3(C)OCCO,<rdkit.Chem.rdchem.Mol object at 0x78cdd9906d50>,0.0125
C=O,<rdkit.Chem.rdchem.Mol object at 0x78cdd9906dc0>,0.0
NF,<rdkit.Chem.rdchem.Mol object at 0x78cdd9906e30>,0.0
O,<rdkit.Chem.rdchem.Mol object at 0x78cdd9906ea0>,0.0
C1COCC2CN(C)CC(N3CCC3)C2(O)O1,<rdkit.Chem.rdchem.Mol object at 0x78cdd9906f10>,0.02702702702702703
ClF,<rdkit.Chem.rdchem.Mol object at 0x78cdd9906f80>,0.2
S=1(=O)=NCCCC=1,<rdkit.Chem.rdchem.Mol object at 0x78cdd9906ff0>,0.0
C12(F)C=C1OCC2=SCF,<rdkit.Chem.rdchem.Mol object at 0x78cdd9907060>,0.0
NN=NOC,<rdkit.Chem.rdchem.Mol object at 0x78cdd99070d0>,0.07142857142857142
O1CC2CC3NC2CC(O4)C3P15N(O)CC4NCC5C=NC=CC(O)=CC(O)=C,<rdkit.Chem.rdchem.Mol object at 0x78cdd9907140>,0.0
[NH1]1CC1S2N3C#CC=C(F)C(F)=CC=CC=COCC3ONO2,<rdkit.Chem.rdchem.Mol object at 0x78cdd99071b0>,0.0
FC(=O)NC1=CC=CC=C1,<rdkit.Chem.rdchem.Mol object at 0x78cdd9907220>,0.0
CN(COC1=CC(O)=CC(O)=C1OC)C,<rdkit.Chem.rdchem.Mol object at 0x78cdd9907290>,0.03225806451612903
N,<rdkit.Chem.rdchem.Mol object at 0x78cdd9907300>,0.0
O1CNC1=CN=C,<rdkit.Chem.rdchem.Mol object at 0x78cdd9907370>,0.0
C(C1=CC=CC=C1OCC(O)C2)(=CF)CNCC2,<rdkit.Chem.rdchem.Mol object at 0x78cdd99073e0>,0.0
C12CC3=CC(O)=CC(O)=C3OCC1=N2,<rdkit.Chem.rdchem.Mol object at 0x78cdd9907450>,0.0
OCC1CCNCC1F,<rdkit.Chem.rdchem.Mol object at 0x78cdd99074c0>,0.0
ClCl,<rdkit.Chem.rdchem.Mol object at 0x78cdd9907530>,0.25
PNNC,<rdkit.Chem.rdchem.Mol object at 0x78cdd99075a0>,0.1
O1CC(O)CC(O2)C1CC(O)CC2,<rdkit.Chem.rdchem.Mol object at 0x78cdd9907610>,0.0
C=O,<rdkit.Chem.rdchem.Mol object at 0x78cdd9907680>,0.0
P12=C(O)C=C(F)C=C1OC=C2,<rdkit.Chem.rdchem.Mol object at 0x78cdd99076f0>,0.0
S=SNSC1CCCC(O)C1=O,<rdkit.Chem.rdchem.Mol object at 0x78cdd9907760>,0.0
N(N=S)C1OONP1(=O)F,<rdkit.Chem.rdchem.Mol object at 0x78cdd99077d0>,0.0
O1CCCCC1Cl,<rdkit.Chem.rdchem.Mol object at 0x78cdd9907840>,0.05555555555555555
O1C(=O)NCC1=S,<rdkit.Chem.rdchem.Mol object at 0x78cdd99078b0>,0.0
C1C=CC=C1OC=O,<rdkit.Chem.rdchem.Mol object at 0x78cdd9907920>,0.043478260869565216
O=C=C1CC2=C(F)C=CC=C2OCCC1=NN3CCN(C)CC3(O)OC=O,<rdkit.Chem.rdchem.Mol object at 0x78cdd9907990>,0.016129032258064516
ClONSC1=C(O)C=C(F)C=C1OCCSC,<rdkit.Chem.rdchem.Mol object at 0x78cdd9907a00>,0.05
C#C,<rdkit.Chem.rdchem.Mol object at 0x78cdd9907a70>,0.0
CC=O,<rdkit.Chem.rdchem.Mol object at 0x78cdd9907ae0>,0.125
C1=2OC1SCOCCCC3(O4)CCC(O)CC4N(C)C3=C=2,<rdkit.Chem.rdchem.Mol object at 0x78cdd9907b50>,0.02
C#CC(C)N(C)C(=O)NCC1=CC=CC=C1OC=O,<rdkit.Chem.rdchem.Mol object at 0x78cdd9907bc0>,0.022222222222222223
C1NC2CCCC2CC1=NN=SOC[NH1]C,<rdkit.Chem.rdchem.Mol object at 0x78cdd9907c30>,0.024390243902439025
S12(=O)CC(O)C1OCCCC23[NH1]C(=O)C=4SC=CC=4C3C,<rdkit.Chem.rdchem.Mol object at 0x78cdd9907ca0>,0.0196078431372549
C1OC1N2CCCC(O)C2=NF,<rdkit.Chem.rdchem.Mol object at 0x78cdd9907d10>,0.0
S#N,<rdkit.Chem.rdchem.Mol object at 0x78cdd9907d80>,0.0
S1SCO1,<rdkit.Chem.rdchem.Mol object at 0x78cdd9907df0>,0.0
S1234CC1=C=NCOC5=C(F)C=CC=C5OCC2C=C3[NH1]4,<rdkit.Chem.rdchem.Mol object at 0x78cdd9907e60>,0.0
C(F)CCN(C)C=C,<rdkit.Chem.rdchem.Mol object at 0x78cdd9907ed0>,0.047619047619047616
O1CCC(=O)NC1Cl,<rdkit.Chem.rdchem.Mol object at 0x78cdd9907f40>,0.043478260869565216
ClSC,<rdkit.Chem.rdchem.Mol object at 0x78cdd9908040>,0.2857142857142857
C1C(=O)NCCCC(O)C1N,<rdkit.Chem.rdchem.Mol object at 0x78cdd99080b0>,0.0
[NH1]1N[NH1]1,<rdkit.Chem.rdchem.Mol object at 0x78cdd9908120>,0.0
C=1C(=O)NCCC(O)C=1,<rdkit.Chem.rdchem.Mol object at 0x78cdd9908190>,0.0
P,<rdkit.Chem.rdchem.Mol object at 0x78cdd9908200>,0.0
S=NS=O,<rdkit.Chem.rdchem.Mol object at 0x78cdd9908270>,0.0
COCC,<rdkit.Chem.rdchem.Mol object at 0x78cdd99082e0>,0.1
O1CC1ON=C,<rdkit.Chem.rdchem.Mol object at 0x78cdd9908350>,0.0
S1C2=CC(O)=CC(O)=C2C1(F)N3N=S(=O)CCC3=NC#C,<rdkit.Chem.rdchem.Mol object at 0x78cdd99083c0>,0.0
FCNCCOS,<rdkit.Chem.rdchem.Mol object at 0x78cdd9908430>,0.0
C#CNCl,<rdkit.Chem.rdchem.Mol object at 0x78cdd99084a0>,0.09090909090909091
CC(=O)NCCCO,<rdkit.Chem.rdchem.Mol object at 0x78cdd9908510>,0.05
NCCC,<rdkit.Chem.rdchem.Mol object at 0x78cdd9908580>,0.1
C1CCC2CCCC(O)C2C1=O,<rdkit.Chem.rdchem.Mol object at 0x78cdd99085f0>,0.0
N#S(Cl)CCN(C)CC=CC(=O)[NH1]C(=O)N(C)C(=O)CF,<rdkit.Chem.rdchem.Mol object at 0x78cdd9908660>,0.04878048780487805
O1C2=CC3=CC=C2OCCC31,<rdkit.Chem.rdchem.Mol object at 0x78cdd99086d0>,0.0
C12CC1OOCC2[NH1]C(=O)N(C3)C(=O)N(C)C(=O)N3NN=CC=C(O)C=C,<rdkit.Chem.rdchem.Mol object at 0x78cdd9908740>,0.01694915254237288
P=SPCOCC1CCC(C2)N12,<rdkit.Chem.rdchem.Mol object at 0x78cdd99087b0>,0.0
OOC#N,<rdkit.Chem.rdchem.Mol object at 0x78cdd9908820>,0.0
C=O,<rdkit.Chem.rdchem.Mol object at 0x78cdd9908890>,0.0
O1CC1(O)N2[NH1]C(=O)[NH1]C(=O)C2OSCCCC=C,<rdkit.Chem.rdchem.Mol object at 0x78cdd9908900>,0.0
C1=NC1F,<rdkit.Chem.rdchem.Mol object at 0x78cdd9908970>,0.0
ClCCC1NC(=O)OCCN2CCOOC21C=O,<rdkit.Chem.rdchem.Mol object at 0x78cdd99089e0>,0.023809523809523808
NF,<rdkit.Chem.rdchem.Mol object at 0x78cdd9908a50>,0.0
N1C=CC2=CC(F)=CC3=C2NC(=O)CC3OOP1F,<rdkit.Chem.rdchem.Mol object at 0x78cdd9908ac0>,0.0
N1=CC=C(O)C(O)=C1OC=O,<rdkit.Chem.rdchem.Mol object at 0x78cdd9908b30>,0.0
ClONCOC1=NC=NC(O)=C1OCC2CCCCC2=CCF,<rdkit.Chem.rdchem.Mol object at 0x78cdd9908ba0>,0.019230769230769232
N1CCCC2C1OO2,<rdkit.Chem.rdchem.Mol object at 0x78cdd9908c10>,0.0
N#CC1=C(O)C=C(F)C=C1OCC2CCCCC2C=SCC3CCNCC3[NH1]C(=O)[NH1]C(=O)N(C)C(=O)COCl,<rdkit.Chem.rdchem.Mol object at 0x78cdd9908c80>,0.024691358024691357
C1=CNC2=C(F)C(F)=CC=C2OCCC1N=C(C)CC3=C(O)C=CC=C3F,<rdkit.Chem.rdchem.Mol object at 0x78cdd9908cf0>,0.017857142857142856
O1C2CCNCC2=N1,<rdkit.Chem.rdchem.Mol object at 0x78cdd9908d60>,0.0
ClCCN1CCCC(O)C1=CC(=O)[NH1]C(=O)N(C)C(=O)CCF,<rdkit.Chem.rdchem.Mol object at 0x78cdd9908dd0>,0.0392156862745098
CCCOCC1OCC(O)CC1,<rdkit.Chem.rdchem.Mol object at 0x78cdd9908e40>,0.034482758620689655
C=1(O)C2CCCCC2=1,<rdkit.Chem.rdchem.Mol object at 0x78cdd9908eb0>,0.0
N=O,<rdkit.Chem.rdchem.Mol object at 0x78cdd9908f20>,0.0
O=S#CC(COC1CCC(O2)CN1C3=CC=CC)=C3ON2,<rdkit.Chem.rdchem.Mol object at 0x78cdd9908f90>,0.019230769230769232
N=PNCl,<rdkit.Chem.rdchem.Mol object at 0x78cdd9909000>,0.09090909090909091
C1CCC2C1CC(O)CC2OF,<rdkit.Chem.rdchem.Mol object at 0x78cdd9909070>,0.0
O,<rdkit.Chem.rdchem.Mol object at 0x78cdd99090e0>,0.0
C12S(=O)(=O)NCC1OCN3CCCCC3=C4C(=O)N(C)C(=O)N4C5N(O)C(O)CC52,<rdkit.Chem.rdchem.Mol object at 0x78cdd9909150>,0.016129032258064516
C#1OCCC#1,<rdkit.Chem.rdchem.Mol object at 0x78cdd99091c0>,0.0
P=COSOO,<rdkit.Chem.rdchem.Mol object at 0x78cdd9909230>,0.0
CNCl,<rdkit.Chem.rdchem.Mol object at 0x78cdd99092a0>,0.2857142857142857
C=S#N,<rdkit.Chem.rdchem.Mol object at 0x78cdd9909310>,0.0
OCl,<rdkit.Chem.rdchem.Mol object at 0x78cdd9909380>,0.2
CCCNC,<rdkit.Chem.rdchem.Mol object at 0x78cdd99093f0>,0.07692307692307693
N12CCNC1=NC3=C2C(=O)[NH1]C(=O)N3COSC#CC4=CC=CC(O)=C4CC=SCl,<rdkit.Chem.rdchem.Mol object at 0x78cdd9909460>,0.014285714285714285
O=N,<rdkit.Chem.rdchem.Mol object at 0x78cdd99094d0>,0.0
C1C2=CC=NC(O)=C2OCC3CCCCC3=C1OCOC=NC=N,<rdkit.Chem.rdchem.Mol object at 0x78cdd9909540>,0.0
O1CC1O,<rdkit.Chem.rdchem.Mol object at 0x78cdd99095b0>,0.0
O1S(O)C2=CC(O)=CC(O)=C2OCCCC1COF,<rdkit.Chem.rdchem.Mol object at 0x78cdd9909620>,0.0
C1(O)CC2(O)C1NN2C3=NC=CC=C3F,<rdkit.Chem.rdchem.Mol object at 0x78cdd9909690>,0.0
C=1C=C(O)C=C=1,<rdkit.Chem.rdchem.Mol object at 0x78cdd9909700>,0.0
FC1=CC=CC=C1OCC(O)C,<rdkit.Chem.rdchem.Mol object at 0x78cdd9909770>,0.03571428571428571
S1OO[NH1]1,<rdkit.Chem.rdchem.Mol object at 0x78cdd99097e0>,0.0
N1C=CC(O)=C1C,<rdkit.Chem.rdchem.Mol object at 0x78cdd9909850>,0.05263157894736842
CCl,<rdkit.Chem.rdchem.Mol object at 0x78cdd99098c0>,1.0
C12(O)C3CCN(C)CC3CC1=NC2O,<rdkit.Chem.rdchem.Mol object at 0x78cdd9909930>,0.029411764705882353
C=CCl,<rdkit.Chem.rdchem.Mol object at 0x78cdd99099a0>,0.125
S12(F)C(F)=C1OCOCS2,<rdkit.Chem.rdchem.Mol object at 0x78cdd9909a10>,0.0
COCCCC(O)CCl,<rdkit.Chem.rdchem.Mol object at 0x78cdd9909a80>,0.09090909090909091
S(=O)=O,<rdkit.Chem.rdchem.Mol object at 0x78cdd9909af0>,0.0
Cl,<rdkit.Chem.rdchem.Mol object at 0x78cdd9909b60>,0.0
C123CCC1OC3(SC4=C(O)C=C(F)C4)N2S(=O)=O,<rdkit.Chem.rdchem.Mol object at 0x78cdd9909bd0>,0.022222222222222223
COC=C1C(O)=C2C=CC=CC=C21,<rdkit.Chem.rdchem.Mol object at 0x78cdd9909c40>,0.03333333333333333
NCl,<rdkit.Chem.rdchem.Mol object at 0x78cdd9909cb0>,0.2
S1=S(O)C2=CC(O)=CS2C1S,<rdkit.Chem.rdchem.Mol object at 0x78cdd9909d20>,0.0
O,<rdkit.Chem.rdchem.Mol object at 0x78cdd9909d90>,0.0
P,<rdkit.Chem.rdchem.Mol object at 0x78cdd9909e00>,0.0
C#N,<rdkit.Chem.rdchem.Mol object at 0x78cdd9909e70>,0.0
CC=CC,<rdkit.Chem.rdchem.Mol object at 0x78cdd9909ee0>,0.14285714285714285
N12CCC1=N2,<rdkit.Chem.rdchem.Mol object at 0x78cdd9909f50>,0.0
C=O,<rdkit.Chem.rdchem.Mol object at 0x78cdd9909fc0>,0.0
N1(CCC2)NC=NC=C2OCC(O)C1,<rdkit.Chem.rdchem.Mol object at 0x78cdd990a030>,0.0
C1CC1=O,<rdkit.Chem.rdchem.Mol object at 0x78cdd990a0a0>,0.0
C123ON1COCC2OC3=N,<rdkit.Chem.rdchem.Mol object at 0x78cdd990a110>,0.0
N,<rdkit.Chem.rdchem.Mol object at 0x78cdd990a180>,0.0
CCCCOC,<rdkit.Chem.rdchem.Mol object at 0x78cdd990a1f0>,0.06666666666666667
C1=C=N1,<rdkit.Chem.rdchem.Mol object at 0x78cdd990a260>,0.0
COCl,<rdkit.Chem.rdchem.Mol object at 0x78cdd990a2d0>,0.2857142857142857
C1COC2=CC=C(C3=CC=CC=C3F)C=C2OC4(C1C(=O)[NH1]C(=O)N4CC5CCCCC5C=O)NS=S(=O)CCNC,<rdkit.Chem.rdchem.Mol object at 0x78cdd990a340>,0.012195121951219513
C123CC14CC2N(C)C(=O)N4C#CC3,<rdkit.Chem.rdchem.Mol object at 0x78cdd990a3b0>,0.029411764705882353
Cl,<rdkit.Chem.rdchem.Mol object at 0x78cdd990a420>,0.0
OCOC1=NC(C)=NC=N1,<rdkit.Chem.rdchem.Mol object at 0x78cdd990a490>,0.04
CC=CC(F)=CC=C,<rdkit.Chem.rdchem.Mol object at 0x78cdd990a500>,0.05263157894736842
O=C,<rdkit.Chem.rdchem.Mol object at 0x78cdd990a570>,0.0
O,<rdkit.Chem.rdchem.Mol object at 0x78cdd990a5e0>,0.0
OC1C2CCC1CC(O)C2OS=SP,<rdkit.Chem.rdchem.Mol object at 0x78cdd990a650>,0.0
S[NH1]Cl,<rdkit.Chem.rdchem.Mol object at 0x78cdd990a6c0>,0.125
N#N,<rdkit.Chem.rdchem.Mol object at 0x78cdd990a730>,0.0
S#COC(C(=O)[NH1]C(=O)N)CCC(=O)N1C(CN(C)CC1=C)F,<rdkit.Chem.rdchem.Mol object at 0x78cdd990a7a0>,0.019230769230769232
O=O,<rdkit.Chem.rdchem.Mol object at 0x78cdd990a810>,0.0
O=CCN=C1CCCC(O)C1=S2CC(O)CC(O)C2C(O3)CC(O)CNC3=NC=CC=CC(O)=C,<rdkit.Chem.rdchem.Mol object at 0x78cdd990a880>,0.0
N(O)=C,<rdkit.Chem.rdchem.Mol object at 0x78cdd990a8f0>,0.0
S,<rdkit.Chem.rdchem.Mol object at 0x78cdd990a960>,0.0
C=O,<rdkit.Chem.rdchem.Mol object at 0x78cdd990a9d0>,0.0
ClCCCNC=N,<rdkit.Chem.rdchem.Mol object at 0x78cdd990aa40>,0.05263157894736842
C1#CC1=NN=CC=C(F)C(F)=CC=COC(O)OC2C(=O)N(C)C(=O)N2,<rdkit.Chem.rdchem.Mol object at 0x78cdd990aab0>,0.018867924528301886
C123OC=C1C2OC3[NH1]P=CN=N,<rdkit.Chem.rdchem.Mol object at 0x78cdd990ab20>,0.0
C1C=CC=C1F,<rdkit.Chem.rdchem.Mol object at 0x78cdd990ab90>,0.058823529411764705
C1N2CCCCC2[NH1]1,<rdkit.Chem.rdchem.Mol object at 0x78cdd990ac00>,0.0
SOSCCCCC(O)CN,<rdkit.Chem.rdchem.Mol object at 0x78cdd990ac70>,0.0
ClCOC1CCCCC1,<rdkit.Chem.rdchem.Mol object at 0x78cdd990ace0>,0.05263157894736842
N12CC1OS2#N,<rdkit.Chem.rdchem.Mol object at 0x78cdd990ad50>,0.0
N[NH1]C(=O)CC(O)CCO,<rdkit.Chem.rdchem.Mol object at 0x78cdd990adc0>,0.0
S=1C=S2N(O)C(O)CC2=1,<rdkit.Chem.rdchem.Mol object at 0x78cdd990ae30>,0.0
O=N,<rdkit.Chem.rdchem.Mol object at 0x78cdd990aea0>,0.0
C#N,<rdkit.Chem.rdchem.Mol object at 0x78cdd990af10>,0.0
N=1[NH1]C(=O)CC(O)CNC=1COCCC2CCCNC2P#C[NH1]NC(=O)OC(O)CC(O3)C3,<rdkit.Chem.rdchem.Mol object at 0x78cdd990af80>,0.0
[NH1]1CC(O)CC1O,<rdkit.Chem.rdchem.Mol object at 0x78cdd990aff0>,0.0
P=NOCCC,<rdkit.Chem.rdchem.Mol object at 0x78cdd990b060>,0.058823529411764705
N=1N2CCC3(O)C2CC=1COC4=C(F)C(F)=CC=C4OCC3OCl,<rdkit.Chem.rdchem.Mol object at 0x78cdd990b0d0>,0.01818181818181818
O1C2=C(F)C(F)=CC=C2OCCC1S=N,<rdkit.Chem.rdchem.Mol object at 0x78cdd990b140>,0.02857142857142857
C12C(O)=CSC1=C2NCCCCC,<rdkit.Chem.rdchem.Mol object at 0x78cdd990b1b0>,0.030303030303030304
N12C=C1O2,<rdkit.Chem.rdchem.Mol object at 0x78cdd990b220>,0.0
SOC=O,<rdkit.Chem.rdchem.Mol object at 0x78cdd990b290>,0.0
[NH1]1C(=O)[NH1]C(=O)N1C(O)CCC,<rdkit.Chem.rdchem.Mol object at 0x78cdd990b300>,0.034482758620689655
C=O,<rdkit.Chem.rdchem.Mol object at 0x78cdd990b370>,0.0
N1CC23CCNCC21ONCN(C)CCOCC3N=NNOCCCC(O)CP[NH1],<rdkit.Chem.rdchem.Mol object at 0x78cdd990b3e0>,0.0136986301369863
C123OCCC1CC2[NH1]3,<rdkit.Chem.rdchem.Mol object at 0x78cdd990b450>,0.0
CN,<rdkit.Chem.rdchem.Mol object at 0x78cdd990b4c0>,0.2
N1CC2CCN(C)C3C2C1NN3C#CC4=CC=CC(O)=C4,<rdkit.Chem.rdchem.Mol object at 0x78cdd990b530>,0.02
C=O,<rdkit.Chem.rdchem.Mol object at 0x78cdd990b5a0>,0.0
ClC1CCC(O)CC1O,<rdkit.Chem.rdchem.Mol object at 0x78cdd990b610>,0.05263157894736842
O1CCC2CCCC(O)C2OS1(=N)(F)C(F)=CC=C,<rdkit.Chem.rdchem.Mol object at 0x78cdd990b680>,0.0
O1C=CC1,<rdkit.Chem.rdchem.Mol object at 0x78cdd990b6f0>,0.0
O=P,<rdkit.Chem.rdchem.Mol object at 0x78cdd990b760>,0.0
C1(=O)NCC1Cl,<rdkit.Chem.rdchem.Mol object at 0x78cdd990b7d0>,0.058823529411764705
NSC,<rdkit.Chem.rdchem.Mol object at 0x78cdd990b840>,0.125
C(=O)(OCCCC(O)CNC1CCCCC1C2)N=CN=C3C=C(O)C=CC3=N2,<rdkit.Chem.rdchem.Mol object at 0x78cdd990b8b0>,0.0
C1C2=CC(F)=CC(O)=C2CCNCOOC1,<rdkit.Chem.rdchem.Mol object at 0x78cdd990b920>,0.0
O1CC1CC(O)COCC2C3CCCC2C3N,<rdkit.Chem.rdchem.Mol object at 0x78cdd990b990>,0.0
OO,<rdkit.Chem.rdchem.Mol object at 0x78cdd990ba00>,0.0
C#N,<rdkit.Chem.rdchem.Mol object at 0x78cdd990ba70>,0.0
ON=CCC1CC(O)CN(C2CCNC2)C1N=NO,<rdkit.Chem.rdchem.Mol object at 0x78cdd990bae0>,0.0
C(F)OCCCC,<rdkit.Chem.rdchem.Mol object at 0x78cdd990bb50>,0.05555555555555555
C1O[NH1]C(=O)[NH1]C(=O)CCN2CCCCC2(F)C1=COOC3COCC(O)C3SC(=O)[NH1]C(=O)N(C)C(=O)N,<rdkit.Chem.rdchem.Mol object at 0x78cdd990bbc0>,0.012345679012345678
S12COCC1=C(F)CC2S#N,<rdkit.Chem.rdchem.Mol object at 0x78cdd990bc30>,0.0
N12CCC(O)CC1=NC3=CC=CC=C32,<rdkit.Chem.rdchem.Mol object at 0x78cdd990bca0>,0.0
OOC[NH1]C,<rdkit.Chem.rdchem.Mol object at 0x78cdd990bd10>,0.06666666666666667
POS=O,<rdkit.Chem.rdchem.Mol object at 0x78cdd990bd80>,0.0
NC#CCSC1=CC=C(O)C(O)=C1,<rdkit.Chem.rdchem.Mol object at 0x78cdd990bdf0>,0.0
C12C=CC=CC1=N2,<rdkit.Chem.rdchem.Mol object at 0x78cdd990be60>,0.0
P1=C(O)C(F)=CC=CC=CC=N1,<rdkit.Chem.rdchem.Mol object at 0x78cdd990bed0>,0.0
SF,<rdkit.Chem.rdchem.Mol object at 0x78cdd990bf40>,0.0
N1OC2CC(O)CC3(O)C2CC13,<rdkit.Chem.rdchem.Mol object at 0x78cdd990c040>,0.0
N1=COC1C=SF,<rdkit.Chem.rdchem.Mol object at 0x78cdd990c0b0>,0.0
N1=CO1,<rdkit.Chem.rdchem.Mol object at 0x78cdd990c120>,0.0
P#CC12CCN(C3)CC1CCN(C)CC3(NCl)NOCN2,<rdkit.Chem.rdchem.Mol object at 0x78cdd990c190>,0.0425531914893617
O1CC(O)CC(O)C1,<rdkit.Chem.rdchem.Mol object at 0x78cdd990c200>,0.0
CF,<rdkit.Chem.rdchem.Mol object at 0x78cdd990c270>,0.2
CC=O,<rdkit.Chem.rdchem.Mol object at 0x78cdd990c2e0>,0.125
C1(=O)N2CCC(O3)CC2CC(O)CC3O1,<rdkit.Chem.rdchem.Mol object at 0x78cdd990c350>,0.0
N(O)OS#C,<rdkit.Chem.rdchem.Mol object at 0x78cdd990c3c0>,0.0
C=PN(C1CO2)C(=O)N(C)C(=O)N2C3C(O)=CSC3=C1,<rdkit.Chem.rdchem.Mol object at 0x78cdd990c430>,0.021739130434782608
NC,<rdkit.Chem.rdchem.Mol object at 0x78cdd990c4a0>,0.2
N12CCCCC1N(C)C2=N,<rdkit.Chem.rdchem.Mol object at 0x78cdd990c510>,0.04
N,<rdkit.Chem.rdchem.Mol object at 0x78cdd990c580>,0.0
